Substance,value,unit,SMILES
"(3RS,4RS;3RS,4SR)-3-chloro-4-chloromethyl-1-(alpha,alpha,alpha-trifluoro-m-tolyl)-2-pyrrolidone with ratio of (1RS,2RS)(trans)- and (1RS,2SR)(cis)-isomers not exactly 3:1",2150,mg/kg bw,CN1C=C(C(=N1)C(F)(F)F)C(=O)N
"(7E, 9Z)-Dodecadien-1-yl Acetate",5000,mg/kg bw,CC/C=C\C=C\CCCCCCOC(=O)C
"(7Z, 11E)-Hexadecadien-1-yl Acetate",2250,mg/kg bw,CCCC/C=C/CC/C=C\CCCCCCOC(=O)C
"(E)-8-Dodecenyl Acetate",5000,mg/kg bw,CCC/C=C/CCCCCCCOC(=O)C
"(E,E)-8,10-Dodecadien-1-ol",2050,mg/kg bw,C/C=C/C=C/CCCCCCCO
"(E/Z)-8-Dodecenyl Acetate and (Z)-8-Dodecenol mixture",2000,mg/kg bw,CCC/C=C/CCCCCCCOC(=O)C
"(RS)-2,4-dinitro-6-(octan-2-yl)phenyl (2 E/Z)-but-2-enoate",2000,mg/kg bw/day,CCCCCCC(C)C1=CC(=CC(=C1OC(=O)/C=C\C)[N+](=O)[O-])[N+](=O)[O-]
"(RS)-2,4-dinitro-6-(octan-2-yl)phenyl (2 E/Z)-but-2-enoate preparation (GF1478)",1030,mg/kg bw/day,CCCCCCC(C)C1=CC(=CC(=C1OC(=O)/C=C/C)[N+](=O)[O-])[N+](=O)[O-]
"(Z)-11-Hexadecenal",2250,mg/kg bw,CCCC/C=C\CCCCCCCCCC=O
"(Z)-11-Tetradecenyl Acetate",5000,mg/kg bw,CC/C=C\CCCCCCCCCCOC(=O)C
"(Z)-9-Dodecenyl Acetate",5000,mg/kg bw,CC/C=C/CCCCCCCCOC(=O)C
"(Z)-9-Tetradecenyl Acetate",5000,mg/kg bw,CCCC/C=C\CCCCCCCCOC(=O)C
"1,3-Dichloropropene",139.8,mg/kg bw,ClCC=CCl
"1,4-Diaminobutane",463,mg/kg bw,C(CCN)CN
"1-Decanol",4640,mg/kg bw/day,CCCCCCCCCCO
"1-Methylcyclopropene formulation (BAS 5-80)",10,mg/kg,CC1=CC1
"1-Naphthylacetic acid",2510,mg/kg bw/day,OC(=O)Cc1cccc2ccccc12
"1-Naphthylacetic acid formulation (Obsthormon 24A)",2000,mg/kg bw/day,OC(=O)Cc1cccc2ccccc12
"2,4,5-Trichloro-6-hydroxybenzene-1,3-dicarbonitrile",158,mg/kg bw/day,C1(=C(C(=C(C(=C1Cl)C#N)Cl)Cl)O)C#N
"2,4,6,8-Tetramethyl-1,3,5,7-tetraoxacyclooctane",262,mg/kg bw/day,CC1OC(C)OC(C)OC(C)O1
"2,4-D",500,mg/kg bw/day,C1=CC(=C(C=C1Cl)Cl)OCC(=O)O
"2,5-Dichloro-4-(1,1,2,3,3,3-hexafluoro-propoxy)-phenylamine",1273,mg/kg bw/day,Clc1cc(N)c(Cl)cc1OC(F)(F)C(F)C(F)(F)F
"2,6-Dichlorobenzamide",500,mg/kg bw/day,C1=CC(=C(C(=C1)Cl)C(=O)N)Cl
"2,6-Difluorobenzamide",2065,mg/kg bw/day,C1=CC(=C(C(=C1)F)C(=O)N)F
"2-(1-Chlorocyclopropyl)1-(2-chlorophenyl)-3-(1,2,4-triazol-1-yl)-propan-2-ol",2000,mg/kg bw,C1CC1(C(CC2=CC=CC=C2Cl)(CN3C=NC=N3)O)Cl
"2-(1-Napthyl)acetamide formulation (Amid-Thin W (Amvac))",10000,mg/kg bw/day,NC(=O)Cc1cccc2ccccc12
"2-Amino-4-(methylsulfonyl)benzoic acid",5000,mg/kg bw,O=S(C)(=O)c1cc(N)c(cc1)C(=O)O
"2-Chloro-4-(methylsulfonyl)-3-[(2,2,2-trifluoroethoxy)methyl]benzoic acid",2000,mg/kg bw/day,OC(=O)c1ccc(c(COCC(F)(F)F)c1Cl)S(C)(=O)=O
"2-Naphthyloxyacetic acid",2000,mg/kg bw/day,C1=CC=C2C=C(C=CC2=C1)OCC(=O)O
"2-Phenylphenol",2250,mg/kg bw/day,C1=CC=C(C=C1)C2=CC=CC=C2O
"2-Propoxy-3-propylquinazolin-4(3H)-one",2052,mg/kg bw/day,CCCOC2=Nc1ccccc1C(=O)N2CCC
"2-{2-Chloro-4-(methylsulfonyl)-3-[(2,2,2-trifluoroethoxy)methyl]benzoyl}-4,6-dihydroxycyclohexane-1,3-dione",2000,mg/kg bw/day,CS(=O)(=O)C1=C(C(=C(C=C1)C(=O)C2C(=O)C(CC(C2=O)O)O)Cl)COCC(F)(F)F
"24-epibrassinolide",5000,mg/kg bw/day,CC(C)C(C)C(C(C(C)C1CCC2C1(CCC3C2COC(=O)C4C3(CC(C(C4)O)O)C)C)O)O
"3,4-Dichloroaniline",99.09,mg/kg bw/day,C1=CC(=C(C=C1N)Cl)Cl
"3,6-dichloropyridine-2-carboxylic acid",1465,mg/kg bw,OC(=O)c1nc(Cl)ccc1Cl
"3-Chloro-5-trifluoromethylpyridine-2-carboxylic acid",5000,mg/kg bw/day,Clc1cc(cnc1C(O)=O)C(F)(F)F
"3-Methylsulfinyl-5-trifluoromethylpyridine-2-carboxylic acid",5000,mg/kg bw/day,OC(=O)c1ncc(cc1S(C)=O)C(F)(F)F
"3-Sulfo-5-trifluoromethyl pyridine-2-carboxylic acid",5000,mg/kg bw/day,OS(=O)(=O)c1cc(ccc1C(=O)O)C(F)(F)F
"3-[N-(2,6-dimethylphenyl)-N-(1H-pyrazol-1-ylmethyl)aminocarbonylmethylsulfinyl]-2-hydroxypropanoic acid",2000,mg/kg bw,O=C(CS(=O)CC(O)C(=O)O)N(Cn1cccn1)c2c(C)cccc2C
"4-Chlorobenzoic acid",1170,mg/kg bw,C1=CC(=CC=C1C(=O)O)Cl
"4-Methylimidazolidine-2-thione",795,mg/kg bw/day,CC1NC(=S)NC1
"4-[2-Chloro-4-(trifluoromethyl)phenoxy-2-fluorobenzenamine",1937,mg/kg bw/day,Clc2cc(ccc2Oc1ccc(N)c(F)c1)C(F)(F)F
"5,6-dihydroimidazo[2,1-c][1,2,4]dithiazole-3-thione",240,mg/kg bw/day,C1CN2C(=N1)SSC2=S
"5-Amino-1,2-dihydro-2-isopropyl-4-(otolyl) pyrazol-3-one",500,mg/kg bw/day,O=C2C(c1ccccc1C)=C(N)NN2C(C)C
"6-Benzyladenine",1599,mg/kg bw/day,C1=CC=C(C=C1)CNC2=NC=NC3=C2NC=N3
"6-Benzyladenine formulation (MAXCEL)",5000,mg/kg bw,C1=CC=C(C=C1)CNC2=NC=NC3=C2NC=N3
"8-Hydroxyquinoline",311,mg/kg,C1=CC2=C(C(=C1)O)N=CC=C2
"Acequinocyl",300,mg/kg bw,CC(=O)OC2=C(CCCCCCCCCCCC)C(=O)c1ccccc1C2=O
"Acequinocyl formulation",300,mg/kg bw,CC(=O)OC2=C(CCCCCCCCCCCC)C(=O)c1ccccc1C2=O
"Acetamiprid",146,mg/kg bw/day,CC(=NC#N)N(C)CC1=CN=C(C=C1)Cl
"Acetic acid formulation (CEL 350 20 H)",2000,mg/kg bw,CC(=O)O
"Acetochlor",928,mg/kg bw,ClCC(=O)N(COCC)c1c(C)cccc1CC
"Acetochlor formulation (GF-675)",1345,mg/kg bw,ClCC(=O)N(COCC)c1c(C)cccc1CC
"Acetochlor formulation (Mon 69447)",375,mg/kg bw,ClCC(=O)N(COCC)c1c(C)cccc1CC
"Acibenzolar-S-methyl",2000,mg/kg bw,CSC(=O)C1=C2C(=CC=C1)N=NS2
"Aclonifen",2000,mg/kg bw/day,Clc2c(N)c(ccc2Oc1ccccc1)[N+]([O-])=O
"Aclonifen formulation (BANDUR SC 600 g/L)",5596,mg/kg bw/day,Clc2c(N)c(ccc2Oc1ccccc1)[N+]([O-])=O
"Acrinathrin",2250,mg/kg bw/day,CC1([C@H]([C@H]1C(=O)O[C@H](C#N)C2=CC(=CC=C2)OC3=CC=CC=C3)/C=C\C(=O)OC(C(F)(F)F)C(F)(F)F)C
"Acrinathrin formulation (Acrinathrin 75g/L EW)",2000,mg/kg bw/day,CC1([C@H]([C@H]1C(=O)O[C@H](C#N)C2=CC(=CC=C2)OC3=CC=CC=C3)/C=C\C(=O)OC(C(F)(F)F)C(F)(F)F)C
"Alpha,alpha,alpha-trifluoro-o-toluic acid",2000,mg/kg bw,C1=CC=C(C(=C1)C(=O)O)C(F)(F)F
"Aluminium ammonium sulphate dodecahydrate",2000,mg/kg,[NH4+].O.O.O.O.O.O.O.O.O.O.O.O.[O-]S(=O)(=O)[O-].[O-]S(=O)(=O)[O-].[Al+3]
"Aluminium silicate",5000,mg/kg bw,[O-2].[O-2].[O-2].[O-2].[O-2].[Al+3].[Al+3].[Si+4]
"Aluminium sulphate",5000,mg/kg bw,[O-]S(=O)(=O)[O-].[O-]S(=O)(=O)[O-].[O-]S(=O)(=O)[O-].[Al+3].[Al+3]
"Ametoctradin",2000,mg/kg bw/day,n1c(c(c(n2ncnc12)N)CCCCCCCC)CC
"Ametoctradin formulation (BAS 651 00 F)",545,mg/kg bw,n1c(c(c(n2ncnc12)N)CCCCCCCC)CC
"Amidosulfuron",2000,mg/kg bw/day,O=C(Nc1nc(cc(OC)n1)OC)NS(=O)(=O)N(C)S(C)(=O)=O
"Amidosulfuron formulation (Gratil)",2000,mg/kg bw/day,O=C(Nc1nc(cc(OC)n1)OC)NS(=O)(=O)N(C)S(C)(=O)=O
"Aminopyralid",2250,mg/kg bw/day,Clc1c(nc(Cl)cc1N)C(=O)O
"Aminopyralid preparation (GF-839)",2250,mg/kg bw,Clc1c(nc(Cl)cc1N)C(=O)O
"Amisulbrom",2000,mg/kg bw/day,CC1=C(C2=C(N1S(=O)(=O)C3=NN(C=N3)S(=O)(=O)N(C)C)C=C(C=C2)F)Br
"Amitrole",2150,mg/kg bw,C1=NNC(=N1)N
"Asulam Sodium",1826.5,mg/kg bw,COC(=O)NS(=O)(=O)C1=CC=C(C=C1)N.[Na+]
"Azadirachtin extract (Mitsui AgriScience International S.A/B.V source)",2250,mg/kg bw/day,C24(C(C3C1(C=COC1OC2C3)O)(C)O4)C6(C8C5(C(CC(C7(C5C(C6O)OC7)OC(=O)C)OC(=O)C)OC(/C(=C/C)C)=O)COC8(C(=O)OC)O)C
"Azadirachtin extract (Sipcam S.p.A source)",2000,mg/kg bw/day,C24(C(C3C1(C=COC1OC2C3)O)(C)O4)C6(C8C5(C(CC(C7(C5C(C6O)OC7)OC(=O)C)OC(=O)C)OC(/C(=C/C)C)=O)COC8(C(=O)OC)O)C
"Azadirachtin extract (Trifolio-M GmbH source)",4000,mg/kg bw/day,C24(C(C3C1(C=COC1OC2C3)O)(C)O4)C6(C8C5(C(CC(C7(C5C(C6O)OC7)OC(=O)C)OC(=O)C)OC(/C(=C/C)C)=O)COC8(C(=O)OC)O)C
"Azimsulfuron",2250,mg/kg bw/day,Cn1nc(nn1)c2cnn(C)c2S(=O)(=O)NC(=O)Nc3nc(OC)cc(OC)n3
"Azimsulfuron formulation",2250,mg/kg bw/day,Cn1nc(nn1)c2cnn(C)c2S(=O)(=O)NC(=O)Nc3nc(OC)cc(OC)n3
"Azinphos-methyl",8.5,mg/kg bw,COP(=S)(OC)SCN1C(=O)C2=CC=CC=C2N=N1
"Azoxystrobin",2000,mg/kg bw/day,N#CC1=CC=CC=C1OC2=NC=NC(OC3=CC=CC=C3/C(C(OC)=O)=C\OC)=C2
"Benalaxyl formulation (IR6142 M)",5000,mg/kg bw,CC1=C(C(=CC=C1)C)N(C(C)C(=O)OC)C(=O)CC2=CC=CC=C2
"Benalaxyl-M",2000,mg/kg bw,C[C@@H](N(C(=O)Cc1ccccc1)c2c(C)cccc2C)C(=O)OC
"Benfluralin",2000,mg/kg bw/day,CCCCN(CC)C1=C(C=C(C=C1[N+](=O)[O-])C(F)(F)F)[N+](=O)[O-]
"Benfuracarb",19.8,mg/kg bw,CCOC(=O)CCN(C(C)C)SN(C)C(=O)OC1=CC=CC2=C1OC(C2)(C)C
"Bensulfuron-methyl",2510,mg/kg bw,COC1=CC(=NC(=N1)NC(=O)NS(=O)(=O)CC2=CC=CC=C2C(=O)OC)OC
"Bentazone",564.98,mg/kg bw/day,CC(C)N1C(=O)C2=CC=CC=C2NS1(=O)=O
"Benthiavalicarb-isopropyl",2000,mg/kg bw,CC(C)[C@H](NC(=O)OC(C)C)C(=O)N[C@H](C)c1nc2ccc(F)cc2s1
"Benzoic acid",1700,mg/kg bw/day,C1=CC=C(C=C1)C(=O)O
"Beta-Cypermethrin",2000,mg/kg bw/day,CC1(C(C1C(=O)OC(C#N)C2=CC(=CC=C2)OC3=CC=CC=C3)C=C(Cl)Cl)C
"Bifenazate",1036,mg/kg bw/day,O=C(NNC1=C(OC)C=CC(C2=CC=CC=C2)=C1)OC(C)C
"Bifenox",2000,mg/kg bw/day,[O-][N+](C(C=C2)=C(C=C2OC1=CC=C(Cl)C=C1Cl)C(OC)=O)=O
"Bifenox formulation (MILAN)",2000,mg/kg bw/day,[O-][N+](C(C=C2)=C(C=C2OC1=CC=C(Cl)C=C1Cl)C(OC)=O)=O
"Bifenthrin",1800,mg/kg bw,O=C(OCC2=CC=CC(C3=CC=CC=C3)=C2C)C1C(C)(C)C1/C=C(Cl)/C(F)(F)F
"Bispyribac formulation (Nominee 400 SC)",727,mg/kg bw,COC1=CC(=NC(=N1)OC2=C(C(=CC=C2)OC3=NC(=CC(=N3)OC)OC)C(=O)[O-])OC.[Na+]
"Bispyribac-sodium",2250,mg/kg bw,COC1=CC(=NC(=N1)OC2=C(C(=CC=C2)OC3=NC(=CC(=N3)OC)OC)C(=O)[O-])OC.[Na+]
"Bitertanol",776,mg/kg bw/day,CC(C)(C)C(O)C(Oc1ccc(cc1)c2ccccc2)n3cncn3
"Bitertanol formulation",5000,mg/kg bw/day,CC(C)(C)C(O)C(Oc1ccc(cc1)c2ccccc2)n3cncn3
"Bixafen",2000,mg/kg bw/day,FC(F)c3nn(C)cc3C(=O)Nc2ccc(F)cc2c1ccc(Cl)c(Cl)c1
"Bixafen formualtion (EC 125)",2000,mg/kg bw/day,FC(F)c3nn(C)cc3C(=O)Nc2ccc(F)cc2c1ccc(Cl)c(Cl)c1
"Bromadiolone",138,mg/kg bw,C1=CC=C(C=C1)C(CC(C2=CC=C(C=C2)C3=CC=C(C=C3)Br)O)C4=C(C5=CC=CC=C5OC4=O)O
"Bromomethane",73,mg/kg bw,CBr
"Bromoxynil",217,mg/kg bw/day,C1=C(C=C(C(=C1Br)O)Br)C#N
"Bromoxynil butyrate",420,mg/kg bw/day,CCCC(=O)OC1=C(C=C(C=C1Br)C#N)Br
"Bromoxynil heptanoate",379,mg/kg bw/day,CCCCCCC(=O)OC1=C(C=C(C=C1Br)C#N)Br
"Bromoxynil octanoate",170,mg/kg bw/day,Brc1cc(cc(Br)c1OC(=O)CCCCCCC)C#N
"Bupirimate",5000,mg/kg bw/day,O=S(OC1=C(CCCC)C(C)=NC(NCC)=N1)(N(C)C)=O
"Buprofezin",2000,mg/kg bw/day,CC(C)N1C(=NC(C)(C)C)SCN(C1=O)C2=CC=CC=C2
"Cadusafos",16.1,mg/kg bw/day,CCC(C)SP(=O)(OCC)SC(C)CC
"Cadusafos formulation (Ruby 200CS)",102.6,mg/kg,CCC(C)SP(=O)(OCC)SC(C)CC
"Captan",2000,mg/kg bw,ClC(Cl)(Cl)SN1C(=O)C2CC=CCC2C1=O
"Captan formulation (Merpan 80 WDG)",2000,mg/kg bw,ClC(Cl)(Cl)SN1C(=O)C2CC=CCC2C1=O
"Carbaryl",2000,mg/kg bw,CNC(=O)Oc1cccc2ccccc12
"Carbaryl formulation",300,mg/kg,CNC(=O)Oc1cccc2ccccc12
"Carbendazim",2250,mg/kg bw/day,N(C(=O)OC)C1=Nc2ccccc2N1
"Carbetamide",2000,mg/kg bw/day,O=C(NCC)C(OC(NC1=CC=CC=C1)=O)C
"Carbetamide formulation (FSG 01002 H)",1200,mg/kg bw/day,O=C(NCC)C(OC(NC1=CC=CC=C1)=O)C
"Carbofuran",0.71,mg/kg bw,CNC(=O)Oc1cccc2CC(C)(C)Oc12
"Carbosulfan",10,mg/kg bw,CCCCN(CCCC)SN(C)C(=O)Oc1cccc2CC(C)(C)Oc12
"Carbosulfan formulation (Marshal 25CS)",16,mg/kg bw/day,CCCCN(CCCC)SN(C)C(=O)Oc1cccc2CC(C)(C)Oc12
"Carboxin",2150,mg/kg bw/day,CC1=C(SCCO1)C(=O)Nc2ccccc2
"Carfentrazone-ethyl",2250,mg/kg bw/day,O=C2N(N=C(C)N2C(F)F)C1=CC(CC(Cl)C(OCC)=O)=C(Cl)C=C1F
"Chlorantraniliprole",2250,mg/kg bw/day,CC1=C(C(=CC(=C1)Cl)C(=O)NC)NC(=O)C2=CC(=NN2C3=C(C=CC=N3)Cl)Br
"Chlorantraniliprole metabolite (IN-ECD73)",2000,mg/kg bw/day,Cc3cc(Cl)cc2c3N=C1C(Cl)=CC=CN1C2=O
"Chlorantraniliprole metabolite (IN-EQW78)",2250,mg/kg bw/day,Cc4cc(Cl)cc3c4N=C(c2cc(Br)nn2c1ncccc1Cl)N(C)C3=O
"Chlorantraniliprole metabolite (IN-F6L99)",2000,mg/kg bw/day,O=C(NC)c1cc(Br)nn1
"Chlorantraniliprole metabolite (IN-LBA24)",2000,mg/kg bw/day,Brc1cc(nn1)C2=Nc3c(C)cc(Cl)cc3C(=O)N2C
"Chloridazon",2000,mg/kg bw,NC1=C(Cl)C(=O)N(N=C1)c2ccccc2
"Chlorothalonil",2000,mg/kg bw/day,Clc1c(Cl)c(C#N)c(Cl)c(C#N)c1Cl
"Chlorpyrifos",122,mg/kg,S=P(OC1=NC(=C(C=C1Cl)Cl)Cl)(OCC)OCC
"Chlorpyrifos formulation",8.41,mg/kg bw,S=P(OC1=NC(=C(C=C1Cl)Cl)Cl)(OCC)OCC
"Chlorsulfuron",5000,mg/kg bw/day,Cc2nc(NC(=O)NS(=O)(=O)c1ccccc1Cl)nc(OC)n2
"Chromafenozide",2000,mg/kg bw,CC1=CC(=CC(=C1)C(=O)N(C(C)(C)C)NC(=O)C2=C(C3=C(C=C2)OCCC3)C)C
"Chromafenozide metabolite (M 010)",2000,mg/kg bw,Cc1cc(cc(C)c1)C(=O)N(NC(=O)c3ccc2OCCC(O)c2c3C)C(C)(C)C
"Clethodim",1640,mg/kg bw,CC/C(=N\OC\C=C\Cl)C1=C(O)CC(CC(C)SCC)CC1=O
"Clodinafop-propargyl",1363,mg/kg bw,O=C(OCC#C)[C@H](OC1=CC=C(OC2=NC=C(Cl)C=C2F)C=C1)C
"Clofentezine",3000,mg/kg bw/day,Clc3ccccc3c1nnc(nn1)c2ccccc2Cl
"Clomazone",2510,mg/kg bw,O=C1N(CC(C=CC=C2)=C2Cl)OCC(C)1C
"Copper (I) oxide",1183,mg/kg bw,O.[Cu].[Cu]
"Copper hydroxide",223,mg/kg bw,O.O.[Cu]
"Cyanamide",350,mg/kg bw/day,NC#N
"Cyazofamid",2000,mg/kg bw/day,O=S(N1C(C#N)=NC(Cl)=C1C2=CC=C(C)C=C2)(N(C)C)=O
"Cyazofamid metabolite (CCIM)",324,mg/kg,N#Cc2nc(c1ccc(C)cc1)c(Cl)n2
"Cyclaniliprole",2000,mg/kg bw/day,CC(C1CC1)NC(=O)C2=CC(=CC(=C2NC(=O)C3=CC(=NN3C4=C(C=CC=N4)Cl)Br)Br)Cl
"Cycloxydim",2000,mg/kg bw/day,CCC/C(=N\OCC)C=1C(=O)CC(CC=1O)C2CCCSC2
"Cyflumetofen",2000,mg/kg bw,CC(C)(C)C1=CC=C(C=C1)C(C#N)(C(=O)C2=CC=CC=C2C(F)(F)F)C(=O)OCCOC
"Cymoxanil",2000,mg/kg bw/day,CCNC(=O)NC(=O)C(=NOC)C#N
"Cymoxanil formulation (Cymoxanil 50 WP)",2000,mg/kg bw/day,CCNC(=O)NC(=O)C(=NOC)C#N
"Cypermethrin",10248,mg/kg bw/day,CC1(C(C1C(=O)OC(C#N)C2=CC(=CC=C2)OC3=CC=CC=C3)C=C(Cl)Cl)C
"Cyproconazole",94,mg/kg bw/day,ClC1=CC=C(C(CN2C=NC=N2)(C(C)C3CC3)O)C=C1
"Cyprodinil",500,mg/kg bw,CC1=NC(NC3=CC=CC=C3)=NC(C2CC2)=C1
"Cyprodinil formulation (UNIX 75 WG)",2000,mg/kg bw,CC1=NC(NC3=CC=CC=C3)=NC(C2CC2)=C1
"Cyromazine",1785,mg/kg,Nc2nc(N)nc(NC1CC1)n2
"DE-535 pyridinone",123.7,mg/kg bw,ClC1=CC(=CN(C)C1=O)C(F)(F)F
"Dazomet",415,mg/kg bw/day,CN1CSC(=S)N(C)C1
"Dazomet formulation (Basamid Granular)",498,mg/kg bw/day,CN1CSC(=S)N(C)C1
"Dec-3-en-2-one",5000,mg/kg bw/day,CCCCCCC=CC(=O)C
"Denathonium benzoate",196,mg/kg bw,CC[N+](CC)(CC1=CC=CC=C1)CC(=O)NC2=C(C=CC=C2C)C.C1=CC=C(C=C1)C(=O)[O-]
"Desmedipham",2000,mg/kg bw/day,CCOC(=O)NC1=CC(=CC=C1)OC(=O)NC2=CC=CC=C2
"Diazinon",1.44,mg/kg,CCOP(=S)(OCC)Oc1cc(C)nc(n1)C(C)C
"Diazinon formulation (Diazol 60EC)",3.9,mg/kg,CCOP(=S)(OCC)Oc1cc(C)nc(n1)C(C)C
"Dicamba",216,mg/kg bw/day,COC1=C(C=CC(=C1C(=O)O)Cl)Cl
"Dicamba formulation (Banvel 480 SL)",1150,mg/kg bw/day,COC1=C(C=CC(=C1C(=O)O)Cl)Cl
"Dichlobenil",698,mg/kg bw/day,Clc1cccc(Cl)c1C#N
"Dichlorprop-P-2-ethylhexyl",1010,mg/kg bw/day,CCCCC(CC)COC(=O)[C@@H](C)OC1=C(C=C(C=C1)Cl)Cl
"Dichlorvos",80,mg/kg bw,COP(=O)(OC)OC=C(Cl)Cl
"Diclofop-methyl",2250,mg/kg bw/day,CC(C(=O)OC)OC1=CC=C(C=C1)OC2=C(C=C(C=C2)Cl)Cl
"Diclofop-methyl formulation",2029,mg/kg bw/day,CC(C(=O)OC)OC1=CC=C(C=C1)OC2=C(C=C(C=C2)Cl)Cl
"Dicloran",900,mg/kg bw/day,Nc1c(Cl)cc(cc1Cl)[N+](=O)[O-]
"Dicloran formulation (750 WG)",994,mg/kg bw/day,Nc1c(Cl)cc(cc1Cl)[N+](=O)[O-]
"Dicloran formulation (Sclerosan 50 WP)",3200,mg/kg bw/day,Nc1c(Cl)cc(cc1Cl)[N+](=O)[O-]
"Dicopper chloride trihydroxide",511,mg/kg bw,[OH-].[OH-].[OH-].[Cl-].[Cu+2].[Cu+2]
"Dicopper chloride trihydroxide formulation (WP)",173,mg/kg bw,[OH-].[OH-].[OH-].[Cl-].[Cu+2].[Cu+2]
"Dicyandiamide",2000,mg/kg bw/day,C(#N)N=C(N)N
"Diethofencarb",2250,mg/kg bw/day,O=C(OC(C)C)NC1=CC=C(OCC)C(OCC)=C1
"Diethofencarb formulation (Powmyl 25 WP)",1250,mg/kg bw/day,O=C(OC(C)C)NC1=CC=C(OCC)C(OCC)=C1
"Diethyl (2RS)-2-[(dimethoxyphosphoryl)sulfanyl]butanedioate",43,mg/kg bw,CCOC(=O)CC(C(=O)OCC)SP(=O)(OC)OC
"Difenacoum",56,mg/kg bw/day,C1C(CC2=CC=CC=C2C1C3=C(C4=CC=CC=C4OC3=O)O)C5=CC=C(C=C5)C6=CC=CC=C6
"Difenoconazole",2000,mg/kg bw/day,CC1COC(O1)(CN2C=NC=N2)C3=C(C=C(C=C3)OC4=CC=C(C=C4)Cl)Cl
"Difenoconazole formulation (DIVIDEND 030FS)",3000,mg/kg bw/day,CC1COC(O1)(CN2C=NC=N2)C3=C(C=C(C=C3)OC4=CC=C(C=C4)Cl)Cl
"Difenoconazole formulation (SCORE 250EC)",3000,mg/kg bw/day,CC1COC(O1)(CN2C=NC=N2)C3=C(C=C(C=C3)OC4=CC=C(C=C4)Cl)Cl
"Diflubenzuron",5000,mg/kg bw,Fc1cccc(F)c1C(=O)NC(=O)Nc2ccc(Cl)cc2
"Diflufenican",2150,mg/kg bw,C1=CC(=CC(=C1)OC2=C(C=CC=N2)C(=O)NC3=C(C=C(C=C3)F)F)C(F)(F)F
"Dimethachlor",524,mg/kg bw/day,CC1=C(C(=CC=C1)C)N(CCOC)C(=O)CCl
"Dimethenamid",1908,mg/kg bw,O=C(CCl)N(C(C)COC)C1=C(C)SC=C1C
"Dimethenamid-P",1068,mg/kg bw/day,CC1=CSC(=C1N([C@@H](C)COC)C(=O)CCl)C
"Dimethoate",10.5,mg/kg bw,CNC(=O)CSP(=S)(OC)OC
"Dimethyl disulfide",342,mg/kg,S(C)SC
"Dimoxystrobin",2000,mg/kg bw,CC1=CC(=C(C=C1)C)OCC2=CC=CC=C2C(=NOC)C(=O)NC
"Dinocap",2150,mg/kg bw/day,CCCCCCC(C)C1=CC(=CC(=C1OC(=O)/C=C\C)[N+](=O)[O-])[N+](=O)[O-]
"Diphenylamine",2250,mg/kg bw/day,N(c1ccccc1)c2ccccc2
"Diphenylamine formulation (NoScald DPA 31 EC (ATO BAFBC03))",15000,mg/kg bw/day,N(c1ccccc1)c2ccccc2
"Diquat dibromide",71,mg/kg bw/day,[Br-].[Br-].c2cccc3c1[n+](cccc1)CC[n+]23
"Dithianon",309,mg/kg bw/day,O=C1C2=C(SC(=C(S2)C#N)C#N)C(=O)c3ccccc13
"Diuron",2000,mg/kg bw,ClC1=C(C=CC(=C1)NC(=O)N(C)C)Cl
"Dodine",857,mg/kg bw/day,CCCCCCCCCCCCNC(=N)N.CC(=O)O
"E-5-Decen-1-yl acetate and E-5-Decen-1-ol mixture",2050,mg/kg bw,CCCC/C=C/CCCCO
"Emamectin",37,mg/kg bw/day,CC(C)[C@@H]1[C@@H](C)C=C[C@]2(C[C@@H]3C[C@@H](C/C=C(\C)/[C@H]([C@@H](C)/C=C/C=C/4\CO[C@@H]5[C@@H](C(=C[C@@H](C(=O)O3)[C@]45O)C)O)O[C@H]3C[C@@H]([C@H]([C@H](C)O3)O[C@H]3C[C@@H]([C@H]([C@H](C)O3)NC)OC)OC)O2)O1
"Epoxiconazole",2000,mg/kg bw,ClC3=C(C=CC=C3)C1OC(C4=CC=C(F)C=C4)1CN2N=CN=C2
"Esfenvalerate",1312,mg/kg bw/day,CC(C)C(C1=CC=C(C=C1)Cl)C(=O)OC(C#N)C2=CC(=CC=C2)OC3=CC=CC=C3
"Ethametsulfuron methyl",2250,mg/kg bw/day,CCOC1=NC(=NC(=N1)NC)NC(=O)NS(=O)(=O)C2=CC=CC=C2C(=O)OC
"Ethane-1,2-diamine",400,mg/kg bw/day,C(CN)N
"Ethephon",764,mg/kg bw,ClCCP(O)(=O)O
"Ethirimol",3000,mg/kg bw/day,CCCCC1=C(NC(=NC1=O)NCC)C
"Ethofumesate",3776,mg/kg bw/day,O=S(OC2=CC1=C(C=C2)OC(OCC)C(C)1C)(C)=O
"Ethoprophos",6.04,mg/kg bw,O=P(SCCC)(OCC)SCCC
"Ethoprophos formulation",32.9,mg/kg bw,O=P(SCCC)(OCC)SCCC
"Ethoxyquin",1726,mg/kg bw/day,CCOc1ccc2NC(C)(C)C=C(C)c2c1
"Ethylenethiourea",545,mg/kg bw/day,C1CNC(=S)N1
"Etofenprox",5000,mg/kg,CCOC1=CC=C(C=C1)C(C)(C)COCC2=CC(=CC=C2)OC3=CC=CC=C3
"Etofenprox formulation (TREBON 30EC)",630,mg/kg bw,CCOC1=CC=C(C=C1)C(C)(C)COCC2=CC(=CC=C2)OC3=CC=CC=C3
"Etoxazole",2000,mg/kg bw,FC2=C(C(F)=CC=C2)C1=NC(C3=C(OCC)C=C(C(C)(C)C)C=C3)CO1
"Etoxazole metabolite (R-3)",5000,mg/kg bw,CCOc2cc(ccc2C(=O)NC(=O)c1c(F)cccc1F)C(C)(C)C
"Etoxazole metabolite (R-7)",5000,mg/kg bw,CCOc2cc(ccc2C(N)COC(=O)c1c(F)cccc1F)C(C)(C)C
"Etridiazole",560,mg/kg bw/day,ClC(Cl)(Cl)C1=NSC(OCC)=N1
"Eugenol",1930,mg/kg bw,COC1=C(C=CC(=C1)CC=C)O
"Eugenol formulation (Mevalone 3AEY)",10000,mg/kg bw,COC1=C(C=CC(=C1)CC=C)O
"Famoxadone",2250,mg/kg bw/day,CC1(C(=O)N(C(=O)O1)NC2=CC=CC=C2)C3=CC=C(C=C3)OC4=CC=CC=C4
"Fenamidone",2000,mg/kg bw,CC1(C(=O)N(C(=N1)SC)NC2=CC=CC=C2)C3=CC=CC=C3
"Fenamidone metabolite (RPA 410193)",2000,mg/kg bw,O=C2N(Nc1ccccc1)C(=O)N[C@@]2(C)c3ccccc3
"Fenamidone metabolite (RPA 412636)",1520,mg/kg,CC1(C(=O)NC(=O)N1)C2=CC=CC=C2
"Fenamidone metabolite (RPA 412708)",176,mg/kg bw,CC1(C(=O)NC(=N1)SC)C2=CC=CC=C2
"Fenazaquin",1747,mg/kg bw,CC(C)(C)C3=CC=C(C=C3)CCOC1=NC=NC2=C1C=CC=C2
"Fenbuconazole",2150,mg/kg bw/day,ClC1=CC=C(CCC(C#N)(CN3N=CN=C3)C2=CC=CC=C2)C=C1
"Fenbutatin oxide",2510,mg/kg bw/day,CC(C)(C[Sn](CC(C)(C)c1ccccc1)(CC(C)(C)c2ccccc2)O[Sn](CC(C)(C)c3ccccc3)(CC(C)(C)c4ccccc4)CC(C)(C)c5ccccc5)c6ccccc6
"Fenhexamid",2000,mg/kg bw/day,CC1(CCCCC1)C(=O)NC2=C(C(=C(C=C2)O)Cl)Cl
"Fenitrothion",2.3,mg/kg bw/day,COP(=S)(OC)Oc1ccc(c(C)c1)[N+](=O)[O-]
"Fenoxaprop-P formulation (Puma S 69EW)",4000,mg/kg bw/day,O=C(O)[C@@H](C)Oc1ccc(cc1)Oc2nc3ccc(Cl)cc3o2
"Fenoxaprop-P-ethyl",2000,mg/kg bw/day,CCOC(=O)[C@@H](C)OC1=CC=C(C=C1)OC2=NC3=C(O2)C=C(C=C3)Cl
"Fenoxycarb",7000,mg/kg bw/day,O=C(NCCOC1=CC=C(OC2=CC=CC=C2)C=C1)OCC
"Fenpicoxamid",2000,mg/kg bw/day,C[C@H]1[C@@H]([C@H](C(=O)OC[C@H](C(=O)O1)NC(=O)C2=NC=CC(=C2OCOC(=O)C(C)C)OC)CC3=CC=CC=C3)OC(=O)C(C)C
"Fenpyrazamine",2000,mg/kg bw/day,n1(c(c(c(=O)n1C(C)C)c1ccccc1C)N)C(=O)SCC=C
"Fenpyrazamine formulation (S-2188 50WG)",2000,mg/kg bw/day,n1(c(c(c(=O)n1C(C)C)c1ccccc1C)N)C(=O)SCC=C
"Fenpyroximate",2000,mg/kg bw,CC1=NN(C(=C1/C=N/OCC2=CC=C(C=C2)C(=O)OC(C)(C)C)OC3=CC=CC=C3)C
"Fenpyroximate formulation (KIRON)",5277,mg/kg bw,CC1=NN(C(=C1/C=N/OCC2=CC=C(C=C2)C(=O)OC(C)(C)C)OC3=CC=CC=C3)C
"Ferric pyrophosphate",2000,mg/kg bw/day,[Fe+3].[Fe+3].[Fe+3].[Fe+3].[O-]P([O-])(=O)OP([O-])([O-])=O.[O-]P([O-])(=O)OP([O-])([O-])=O.[O-]P([O-])(=O)OP([O-])([O-])=O
"Ferrous bisglycinate",2800,mg/kg bw/day,C(C(=O)[O-])N.C(C(=O)[O-])N.[Fe+2]
"Fipronil",11.3,mg/kg bw,C1=C(C=C(C(=C1Cl)N2C(=C(C(=N2)C#N)S(=O)C(F)(F)F)N)Cl)C(F)(F)F
"Flazasulfuron",2121,mg/kg bw/day,COC1=CC(=NC(=N1)NC(=O)NS(=O)(=O)C2=C(C=CC=N2)C(F)(F)F)OC
"Flonicamid",1591,mg/kg bw,O=C(NCC#N)c1cnccc1C(F)(F)F
"Florasulam",1046,mg/kg bw/day,COC1=NC=C(C2=NC(=NN21)S(=O)(=O)NC3=C(C=CC=C3F)F)F
"Florpyrauxifen-benzyl",2250,mg/kg bw/day,COC1=C(C=CC(=C1F)C2=NC(=C(C(=C2F)N)Cl)C(=O)OCC3=CC=CC=C3)Cl
"Fluazifop-P-butyl",2000,mg/kg bw/day,CCCCOC(=O)[C@@H](C)OC1=CC=C(C=C1)OC2=NC=C(C=C2)C(F)(F)F
"Fluazinam",1782,mg/kg bw/day,C1=C(C=NC(=C1Cl)NC2=C(C=C(C(=C2[N+](=O)[O-])Cl)C(F)(F)F)[N+](=O)[O-])C(F)(F)F
"Fluazinam formulation (Fluazinam 500 SC)",2000,mg/kg bw/day,C1=C(C=NC(=C1Cl)NC2=C(C=C(C(=C2[N+](=O)[O-])Cl)C(F)(F)F)[N+](=O)[O-])C(F)(F)F
"Flubendiamide",2000,mg/kg bw,CC1=C(C=CC(=C1)C(C(F)(F)F)(C(F)(F)F)F)NC(=O)C2=C(C(=CC=C2)I)C(=O)NC(C)(C)CS(=O)(=O)C
"Fludioxonil",2000,mg/kg bw,FC3(F)OC(C(O3)=CC=C2)=C2C1=CNC=C1C#N
"Fludioxonil formulation (CELESTE 025 FS)",3000,mg/kg bw,FC3(F)OC(C(O3)=CC=C2)=C2C1=CNC=C1C#N
"Fludioxonil formulation (Switch 62.5 WG)",5000,mg/kg bw,FC3(F)OC(C(O3)=CC=C2)=C2C1=CNC=C1C#N
"Flufenoxuron",2000,mg/kg bw/day,O=C(NC(NC2=C(F)C=C(OC3=C(Cl)C=C(C(F)(F)F)C=C3)C=C2)=O)C1=C(F)C=CC=C1F
"Flufenoxuron formulation",200,mg/kg bw/day,O=C(NC(NC2=C(F)C=C(OC3=C(Cl)C=C(C(F)(F)F)C=C3)C=C2)=O)C1=C(F)C=CC=C1F
"Flumetralin",2000,mg/kg bw/day,CCN(CC1=C(C=CC=C1Cl)F)C2=C(C=C(C=C2[N+](=O)[O-])C(F)(F)F)[N+](=O)[O-]
"Flumioxazin",2250,mg/kg bw/day,C#CCN1C(=O)COC2=CC(=C(C=C21)N3C(=O)C4=C(C3=O)CCCC4)F
"Fluometuron",2150,mg/kg bw,CN(C)C(=O)Nc1cccc(c1)C(F)(F)F
"Fluopicolide",2250,mg/kg bw/day,C1=CC(=C(C(=C1)Cl)C(=O)NCC2=C(C=C(C=N2)C(F)(F)F)Cl)Cl
"Fluopicolide formulation (EXP 11074B)",2000,mg/kg bw/day,C1=CC(=C(C(=C1)Cl)C(=O)NCC2=C(C=C(C=N2)C(F)(F)F)Cl)Cl
"Fluopicolide formulation (EXP 11120A)",2000,mg/kg bw/day,C1=CC(=C(C(=C1)Cl)C(=O)NCC2=C(C=C(C=N2)C(F)(F)F)Cl)Cl
"Fluopyram",2000,mg/kg bw/day,C1=CC=C(C(=C1)C(=O)NCCC2=C(C=C(C=N2)C(F)(F)F)Cl)C(F)(F)F
"Fluopyram preparation",50,mg/kg bw/day,C1=CC=C(C(=C1)C(=O)NCCC2=C(C=C(C=N2)C(F)(F)F)Cl)C(F)(F)F
"Fluoxastrobin",2000,mg/kg bw,CO/N=C(\C1=CC=CC=C1OC2=C(C(=NC=N2)OC3=CC=CC=C3Cl)F)/C4=NOCCO4
"Flupyradifurone",232,mg/kg bw/day,C1C(=CC(=O)O1)N(CC2=CN=C(C=C2)Cl)CC(F)F
"Flupyrsulfuron-methyl-sodium",2250,mg/kg bw/day,COC1=CC(=NC(=N1)[N-]C(=O)NS(=O)(=O)C2=C(C=CC(=N2)C(F)(F)F)C(=O)OC)OC.[Na+]
"Fluquinconazole",2000,mg/kg bw/day,Clc4ccc(N1C(=O)c3cc(F)ccc3N=C1n2cncn2)c(Cl)c4
"Fluquinconazole formulation",787,mg/kg bw/day,Clc4ccc(N1C(=O)c3cc(F)ccc3N=C1n2cncn2)c(Cl)c4
"Fluroxypyr",2000,mg/kg bw/day,NC1=C(Cl)C(F)=NC(OCC(O)=O)=C1Cl
"Fluroxypyr formulation (EF-1502, Starane 180 EC)",2250,mg/kg bw/day,NC1=C(Cl)C(F)=NC(OCC(O)=O)=C1Cl
"Fluroxypyr-meptyl",2000,mg/kg bw/day,CCCCCCC(C)OC(=O)COC1=NC(=C(C(=C1Cl)N)Cl)F
"Flurprimidol",2000,mg/kg bw,OC(C(C)C)(c1cncnc1)c2ccc(OC(F)(F)F)cc2
"Flurtamone",2530,mg/kg bw,C3=C(C1=C(OC(C1=O)C2=CC=CC=C2)NC)C=CC=C3C(F)(F)F
"Flutianil",2250,mg/kg,COC1=CC=CC=C1N\2CCS/C2=C(/C#N)\SC3=C(C=CC(=C3)C(F)(F)F)F
"Flutolanil",2000,mg/kg bw/day,CC(C)OC1=CC=CC(=C1)NC(=O)C2=CC=CC=C2C(F)(F)F
"Flutriafol",179,mg/kg bw,OC(CN1N=CN=C1)(C(C=C2)=CC=C2F)C(C=CC=C3)=C3F
"Flutriafol preparation",2000,mg/kg bw,OC(CN1N=CN=C1)(C(C=C2)=CC=C2F)C(C=CC=C3)=C3F
"Fluxapyroxad",2000,mg/kg bw/day,CN1C=C(C(=N1)C(F)F)C(=O)NC2=CC=CC=C2C3=CC(=C(C(=C3)F)F)F
"Folpet",2510,mg/kg bw,C1=CC=C2C(=C1)C(=O)N(C2=O)SC(Cl)(Cl)Cl
"Folpet formulation (Folpan 80 WDG))",2000,mg/kg bw/day,C1=CC=C2C(=C1)C(=O)N(C2=O)SC(Cl)(Cl)Cl
"Foramsulfuron",2000,mg/kg bw,O=C(NS(=O)(C2=C(C(N(C)C)=O)C=CC(NC=O)=C2)=O)NC1=NC(OC)=CC(OC)=N1
"Forchlorfenuron",2250,mg/kg bw/day,C1=CC=C(C=C1)NC(=O)NC2=CC(=NC=C2)Cl
"Formetanate formulation",89,mg/kg bw,CNC(=O)OC1=CC=CC(=C1)N=CN(C)C
"Formetanate hydrochloride",11.5,mg/kg bw,CNC(=O)OC1=CC=CC(=C1)N=CN(C)C.Cl
"Fosetyl-aluminium",4997,mg/kg bw,CCO[P+](=O)[O-].CCO[P+](=O)[O-].CCO[P+](=O)[O-].[Al+3]
"Fuberidazole",750,mg/kg bw,o1cccc1c2nc3ccccc3[nH]2
"Fuberidazole formulation (Baytan FS-094)",5000,mg/kg bw,o1cccc1c2nc3ccccc3[nH]2
"Fusafungine",350,mg/kg bw,CC(CC)C1C(=O)OC(C(=O)N(C)C(C(=O)OC(C(=O)N(C)C(C(C)C)C(=O)OC(C(C)C)C(=O)N1C)C(C)C)C(C)CC)C(C)C
"Gamma-cyhalothrin",2000,mg/kg bw/day,CC1([C@H]([C@H]1C(=O)O[C@H](C#N)C2=CC(=CC=C2)OC3=CC=CC=C3)/C=C(/C(F)(F)F)\Cl)C
"Gamma-cyhalothrin formulation (GF-317)",5000,mg/kg bw/day,CC1([C@H]([C@H]1C(=O)O[C@H](C#N)C2=CC(=CC=C2)OC3=CC=CC=C3)/C=C(/C(F)(F)F)\Cl)C
"Geraniol",3600,mg/kg bw/day,CC(=CCCC(=CCO)C)C
"Geraniol formulation (Mevalone 3AEY)",10000,mg/kg bw/day,CC(=CCCC(=CCO)C)C
"Gibberellic acid",2250,mg/kg bw,C[C@@]12[C@H](C=C[C@@]3([C@@H]1[C@@H]([C@]45[C@H]3CC[C@](C4)(C(=C)C5)O)C(=O)O)OC2=O)O
"Gibberellin A4",5000,mg/kg bw,C[C@@]12[C@H](CC[C@@]3([C@@H]1[C@@H]([C@]45[C@H]3CC[C@H](C4)C(=C)C5)C(=O)O)OC2=O)O
"Gibberellin A7",5000,mg/kg bw,C[C@@]12[C@H](C=C[C@@]3([C@@H]1[C@@H]([C@]45[C@H]3CC[C@H](C4)C(=C)C5)C(=O)O)OC2=O)O
"Glufosinate-ammonium",2000,mg/kg bw,CP(=O)(CCC(C(=O)[O-])N)O.[NH4+]
"Glyphosate",4334,mg/kg bw/day,O=P(O)(O)CNCC(O)=O
"Glyphosate metabolite (AMPA)",2250,mg/kg bw/day,C([P](=O)(O)O)N
"Guazatine acetates",79,mg/kg bw/day,C(CCCCN=C(N)N)CCCNCCCCCCCCN=C(N)N
"Haloxyfop-P",414,mg/kg bw,O=C(O)[C@@H](C)Oc1ccc(cc1)Oc2ncc(cc2Cl)C(F)(F)F
"Haloxyfop-P-methyl ester",1159,mg/kg bw/day,CC(C(=O)OC)OC1=CC=C(C=C1)OC2=C(C=C(C=N2)C(F)(F)F)Cl
"Hexythiazox",5000,mg/kg bw,C[C@H]2[C@@H](SC(=O)N2C(=O)NC1CCCCC1)c3ccc(Cl)cc3
"Hymexazol",1085,mg/kg bw,O=C1C=C(C)ON1
"IN-QDY63 (Picoxystrobin metabolite)",387,mg/kg bw,O=C(O)c2ccccc2COc1cccc(n1)C(F)(F)F
"Imazalil",510,mg/kg bw/day, Clc2ccc(C(OCC=C)Cn1 ccnc1)c(Cl)c2
"Imazamox",3485.2,mg/kg bw/day,O=C1NC(C2=NC=C(COC)C=C2C(O)=O)=NC(C)1C(C)C
"Imazaquin",2150,mg/kg bw/day,CC(C)C1(C(=O)NC(=N1)C2=NC3=CC=CC=C3C=C2C(=O)O)C
"Imazaquin formulation (METEOR)",1104,mg/kg bw/day,CC(C)C1(C(=O)NC(=N1)C2=NC3=CC=CC=C3C=C2C(=O)O)C
"Imazosulfuron",2250,mg/kg bw/day,COC1=CC(=NC(=N1)NC(=O)NS(=O)(=O)C2=C(N=C3N2C=CC=C3)Cl)OC
"Imidacloprid",31,mg/kg bw/day,ClC(C=C2)=NC=C2CN1/C(NCC1)=N/[N+]([O-])=O
"Imidacloprid formulation (Confidor SL200)",2515,mg/kg bw/day,ClC(C=C2)=NC=C2CN1/C(NCC1)=N/[N+]([O-])=O
"Imidazolidin-2-one",5000,mg/kg bw/day,C1CNC(=O)N1
"Indoxacarb metabolite (IN-JT333)",1750,mg/kg bw,FC(F)(F)Oc1ccc(cc1)NC(=O)N2N=C3c4ccc(Cl)cc4C[C@]3(OC2)C(=O)OC
"Iodosulfuron-methyl-sodium",2000,mg/kg bw,[Na+].Cc2nc(NC(=O)[N-]S(=O)(=O)c1cc(I)ccc1C(=O)OC)nc(OC)n2
"Ipconazole",962,mg/kg bw,OC1(CN3N=CN=C3)C(CC2=CC=C(Cl)C=C2)CCC1C(C)C
"Ipconazole formulation (Crusoe')",2000,mg/kg bw,OC1(CN3N=CN=C3)C(CC2=CC=C(Cl)C=C2)CCC1C(C)C
"Iprodione",3776,mg/kg bw/day,O=C2N(c1cc(Cl)cc(Cl)c1)C(=O)CN2C(=O)NC(C)C
"Iprovalicarb",2000,mg/kg bw/day,CC1=CC=C(C=C1)C(C)NC(=O)C(C(C)C)NC(=O)OC(C)C
"Iron sulfate heptahydrate",1185,mg/kg bw/day,O.O.O.O.O.O.O.[O-]S(=O)(=O)[O-].[Fe+2]
"Isofetamid formulation (IKF-5411 400SC)",2000,mg/kg bw/day,Cc1ccsc1C(=O)NC(C)(C)C(=O)c2ccc(cc2C)OC(C)C
"Isoproturon",1401,mg/kg bw/day,O=C(N(C)C)NC1=CC=C(C(C)C)C=C1
"Isopyrazam",2000,mg/kg bw/day,CC(C)C1C2CCC1C3=C2C=CC=C3NC(=O)C4=CN(N=C4C(F)F)C
"Isoxaben",2000,mg/kg bw/day,CCC(C)(CC)C1=NOC(=C1)NC(=O)C2=C(C=CC=C2OC)OC
"Isoxaflutole",2150,mg/kg bw/day,CS(=O)(=O)C1=C(C=CC(=C1)C(F)(F)F)C(=O)C2=C(ON=C2)C3CC3
"Kresoxim-methyl",2150,mg/kg bw/day,CC1=CC=CC=C1OCC2=CC=CC=C2/C(=N\OC)/C(=O)OC
"Laminarin",1700,mg/kg bw/day,C([C@@H]1[C@H]([C@@H]([C@H](C(O1)O)O)OC2[C@@H]([C@H]([C@@H]([C@H](O2)CO)O)OC3[C@@H]([C@H]([C@@H]([C@H](O3)CO)O)O)O)O)O)O
"Lenacil",2000,mg/kg bw/day,O=C1NC2=C(CCC2)C(=O)N1C3CCCCC3
"Lenacil formulation (Venzar 500 SC2)",4080,mg/kg bw/day,O=C1NC2=C(CCC2)C(=O)N1C3CCCCC3
"Linuron",314,mg/kg bw/day,CN(C(=O)NC1=CC(=C(C=C1)Cl)Cl)OC
"Malathion formulation (CHA 3110)",214,mg/kg bw,CCOC(=O)CC(SP(=S)(OC)OC)C(=O)OCC
"Maleic hydrazide",1493,mg/kg bw,C1=CC(=O)NNC1=O
"Maltodextrin",2000,mg/kg bw,O=C[C@@H]([C@H]([C@@H]([C@@H](CO)O)O)O)O
"Mandipropamid",1000,mg/kg bw/day,Clc1ccc(cc1)C(OCC#C)C(=O)NCCc2ccc(OCC#C)c(OC)c2
"Mandipropamid formulation (A12946B)",5000,mg/kg bw/day,Clc1ccc(cc1)C(OCC#C)C(=O)NCCc2ccc(OCC#C)c(OC)c2
"Mecoprop-P",497,mg/kg bw/day,C[C@@H](OC1=C(C)C=C(Cl)C=C1)C(O)=O
"Mepanipyrim",2250,mg/kg bw/day,CC#CC1=CC(=NC(=N1)NC2=CC=CC=C2)C
"Mepiquat chloride",2000,mg/kg bw/day,C[N+]1(CCCCC1)C.[Cl-]
"Mesosulfuron-methyl",2000,mg/kg bw/day,O=C(OC)C1=C(S(=O)(NC(NC2=NC(OC)=CC(OC)=N2)=O)=O)C=C(CNS(=O)(C)=O)C=C1
"Mesotrione",2000,mg/kg bw,CS(=O)(=O)C1=CC(=C(C=C1)C(=O)C2C(=O)CCCC2=O)[N+](=O)[O-]
"Metaflumizone",2025,mg/kg bw/day,C1=CC(=CC(=C1)C(F)(F)F)C(=NNC(=O)NC2=CC=C(C=C2)OC(F)(F)F)CC3=CC=C(C=C3)C#N
"Metaflumizone metabolite (M320I23)",2000,mg/kg bw/day,CC(F)(F)Oc1ccc(cc1)N3C(=O)NN=C(c2cc(ccc2)C(F)(F)F)C3(O)c4ccc(C#N)cc4
"Metalaxyl",1466,mg/kg bw/day,CC1=C(C(=CC=C1)C)N([C@H](C)C(=O)OC)C(=O)COC
"Metalaxyl-M",981,mg/kg bw/day,CC1=C(C(=CC=C1)C)N([C@H](C)C(=O)OC)C(=O)COC
"Metalaxyl-M formulation (Apron XL)",1000,mg/kg bw/day,CC1=C(C(=CC=C1)C)N([C@H](C)C(=O)OC)C(=O)COC
"Metamitron",644,mg/kg bw/day,O=C1C(C2=CC=CC=C2)=NN=C(C)N1N
"Metamitron formulation (Goltix SC 700)",2000,mg/kg bw/day,O=C1C(C2=CC=CC=C2)=NN=C(C)N1N
"Metazachlor",2000,mg/kg bw,O=C(CCl)N(Cn1cccn1)c2c(C)cccc2C
"Methiocarb",5,mg/kg bw,CNC(=O)Oc1cc(C)c(SC)c(C)c1
"Methomyl",24.2,mg/kg bw/day,CSC(C)=NOC(NC)=O
"Methomyl formulation (Methomyl 20SL)",30.4,mg/kg bw,CSC(C)=NOC(NC)=O
"Methoxyfenozide",2250,mg/kg bw/day,CC1=CC(=CC(=C1)C(=O)N(C(C)(C)C)NC(=O)C2=C(C(=CC=C2)OC)C)C
"Methoxyfenozide metabolite (RH-117236)",5000,mg/kg bw,Cc1c(cccc1O)C(=O)NN(C(=O)c2cc(C)cc(C)c2)C(C)(C)C
"Methyl isothiocyanate",147,mg/kg bw/day,CN=C=S
"Metobromuron",1429,mg/kg bw/day,CN(C(=O)NC1=CC=C(C=C1)Br)OC
"Metosulam",2250,mg/kg bw,Clc3c(C)ccc(Cl)c3NS(=O)(=O)c1nc2nc(cc(OC)n2n1)OC
"Metosulam formulation (Tacco SC 100)",5000,mg/kg bw,Clc3c(C)ccc(Cl)c3NS(=O)(=O)c1nc2nc(cc(OC)n2n1)OC
"Metrafenone",2025,mg/kg bw/day,CC1=CC(=C(C(=C1C(=O)C2=C(C=CC(=C2C)Br)OC)OC)OC)OC
"Metribuzin",164,mg/kg bw,CC(C)(C)C1=NN=C(N(C1=O)N)SC
"Metsulfuron-methyl",2510,mg/kg bw/day,CC1=NC(=NC(=N1)OC)NC(=O)NS(=O)(=O)C2=CC=CC=C2C(=O)OC
"Monensin sodium",1.38,mg/kg bw,CCC1(CCC(O1)C2(CCC3(O2)CC(C(C(O3)C(C)C(C(C)C(=O)[O-])OC)C)O)C)C4C(CC(O4)C5C(CC(C(O5)(CO)O)C)C)C.[Na+]
"Myclobutanil",510,mg/kg bw/day,Clc1ccc(cc1)C(CCCC)(Cn2cncn2)C#N
"N-(2,6-dichloro-3-methylphenyl)-5,7-dihydroxy[1,2,4]triazolo[1,5-a]pyrimidine-2-sulfonamide",5000,mg/kg bw,Clc3c(C)ccc(Cl)c3NS(=O)(=O)c1nc2nc(O)cc(O)n2n1
"N-(2,6-dichloro-3-methylphenyl)-7-hydroxy-5-methoxy[1,2,4] triazolo[1,5-a]pyrimidine-2-sulfonamide",5000,mg/kg bw,Clc1c(C)ccc(Cl)c1NS(=O)(=O)c2nc3nc(cc(O)n3n2)OC
"N-(2,6-dimethylphenyl)-N-(1H-pyrazol-1-ylmethyl)aminocarbonylmethylsulfonic acid",5000,mg/kg bw,O=C(CS(=O)(=O)O)N(Cn1cccn1)c2c(C)cccc2C
"N-(2,6-dimethylphenyl)-N-(1H-pyrazol-1-ylmethyl)oxalamide",2200,mg/kg bw,O=C(N(Cn1cccn1)c2c(C)cccc2C)C(N)=O
"N-[4-[2-chloro-4-(trifluoromethyl)phenoxy]-2-fluorophenyl urea",302,mg/kg bw/day,Clc2cc(ccc2Oc1ccc(NC(N)=O)c(F)c1)C(F)(F)F
"N-demethyl-175-J",3129,mg/kg bw/day,CN[C@H]1CC[C@@H](O[C@@H]1C)OC6CCC[C@H](CC)OC(=O)C[C@@H]5C(=C[C@@H]3[C@H]5CC[C@@H]2C[C@H](C[C@H]23)OC4O[C@@H](C)[C@H](OC)[C@@H](OCC)[C@H]4OC)C(=O)[C@@H]6C
"N-formyl-175-J",5000,mg/kg bw/day,O=CN[C@H]1CC[C@@H](O[C@@H]1C)OC2CCC[C@H](CC)OC(=O)C[C@@H]3C(=C[C@@H]4[C@H]3CC[C@@H]5C[C@H](C[C@H]54)OC6O[C@@H](C)[C@H](OC)[C@@H](OCC)[C@H]6OC)C(=O)[C@@H]2C
"Napropamide",2250,mg/kg bw/day,CCN(CC)C(=O)C(C)Oc2cccc1ccccc12
"Napropamide-M",2000,mg/kg bw/day,C[C@@H](OC1=C2C=CC=CC2=CC=C1)C(N(CC)CC)=O
"Nicosulfuron",2000,mg/kg bw/day,CN(C)C(=O)C1=C(N=CC=C1)S(=O)(=O)NC(=O)NC2=NC(=CC(=N2)OC)OC
"Nicosulfuron formulation (SL-950 4% SC)",2000,mg/kg bw/day,CN(C)C(=O)C1=C(N=CC=C1)S(=O)(=O)NC(=O)NC2=NC(=CC(=N2)OC)OC
"Omethoate",9.9,mg/kg bw,CNC(=O)CSP(=O)(OC)OC
"Orthosulfamuron",2000,mg/kg bw/day,CN(C)C(=O)C1=CC=CC=C1NS(=O)(=O)NC(=O)NC2=NC(=CC(=N2)OC)OC
"Oryzalin",5000,mg/kg bw/day,[O-][N+](=O)c1cc(cc([N+]([O-])=O)c1N(CCC)CCC)S(N)(=O)=O
"Oryzalin formulation (Surflan EC 480 g/L)",427,mg/kg bw/day,[O-][N+](=O)c1cc(cc([N+]([O-])=O)c1N(CCC)CCC)S(N)(=O)=O
"Oxadiazon",2150,mg/kg bw/day,CC(C)OC1=C(C=C(C(=C1)N2C(=O)OC(=N2)C(C)(C)C)Cl)Cl
"Oxamyl",9.5,mg/kg bw,CNC(=O)ON=C(C(=O)N(C)C)SC
"Oxasulfuron",2250,mg/kg bw/day,O=C(OC2COC2)C1=C(S(=O)(NC(NC3=NC(C)=CC(C)=N3)=O)=O)C=CC=C1
"Oxycarboxin",1250,mg/kg bw/day,CC1=C(S(=O)(=O)CCO1)C(=O)NC2=CC=CC=C2
"Oxydemeton-methyl",34,mg/kg bw,CCS(=O)CCSP(=O)(OC)OC
"Oxydemetonmethyl formulation (Metasystox 250 EC)",16.24,mg/kg bw,CCS(=O)CCSP(=O)(OC)OC
"Oxyfluorfen",947,mg/kg bw/day,Clc2cc(ccc2Oc1ccc([N+]([O-])=O)c(OCC)c1)C(F)(F)F
"Oxyfluorfen formulation (GOAL 4F Herbicide 42.09%)",2250,mg/kg bw/day,Clc2cc(ccc2Oc1ccc([N+]([O-])=O)c(OCC)c1)C(F)(F)F
"Paclobutrazol",2100,mg/kg,OC(C(C)(C)C)C(CC(C=C1)=CC=C1Cl)N2N=CN=C2
"Pencycuron",2000,mg/kg bw,O=C(NC2=CC=CC=C2)N(C3CCCC3)CC1=CC=C(Cl)C=C1
"Pendimethalin",1421,mg/kg bw/day,CCC(CC)NC1=C(C=C(C(=C1[N+](=O)[O-])C)C)[N+](=O)[O-]
"Penoxsulam",2000,mg/kg bw/day,COC1=CN=C(N2C1=NC(=N2)NS(=O)(=O)C3=C(C=CC=C3OCC(F)F)C(F)(F)F)OC
"Penoxsulam formulation (DE 638)",2025,mg/kg bw/day,COC1=CN=C(N2C1=NC(=N2)NS(=O)(=O)C3=C(C=CC=C3OCC(F)F)C(F)(F)F)OC
"Penoxsulam formulation (GF-237)",2000,mg/kg bw/day,COC1=CN=C(N2C1=NC(=N2)NS(=O)(=O)C3=C(C=CC=C3OCC(F)F)C(F)(F)F)OC
"Penthiopyrad",2250,mg/kg bw/day,O=C(Nc1ccsc1C(C)CC(C)C)c2cn(C)nc2C(F)(F)F
"Penthiopyrad formulation (Penthiopyrad 200 g/L SC)",2066,mg/kg bw/day,O=C(Nc1ccsc1C(C)CC(C)C)c2cn(C)nc2C(F)(F)F
"Pethoxamid",872.4,mg/kg bw/day,CCOCCN(C(=O)CCl)C(=C(C)C)C1=CC=CC=C1
"Pethoxamid metabolite (MET-42)",2000,mg/kg bw/day,O=S(=O)(O)CC(=O)N(CCOCC)\C(=C(\C)C)c1ccccc1
"Phenmedipham",2500,mg/kg bw/day,O=C(NC2=CC(C)=CC=C2)OC1=CC(NC(OC)=O)=CC=C1
"Phomopsin A",848,µg/kg bw,CC/C(=C(\C(=O)N/C(=C/C(=O)O)/C(=O)O)/NC(=O)[C@@H]1C=CCN1C(=O)[C@@H]2[C@@](OC3=C(C(=CC(=C3)[C@@H]([C@@H](C(=O)N[C@H](C(=O)N2)C(=C)C)NC)O)Cl)O)(C)CC)/C
"Phosalone",503,mg/kg bw,CCOP(=S)(OCC)SCN1C(=O)Oc2cc(Cl)ccc12
"Phosmet",57,mg/kg bw,COP(=S)(OC)SCN1C(=O)c2ccccc2C1=O
"Picloram",4012,mg/kg bw/day,C1(=C(C(=NC(=C1Cl)Cl)C(=O)O)Cl)N
"Picloram formulation (GF-224)",2250,mg/kg bw/day,C1(=C(C(=NC(=C1Cl)Cl)C(=O)O)Cl)N
"Picloram potassium salt",2250,mg/kg bw/day,C1(=C(C(=NC(=C1Cl)Cl)C(=O)[O-])Cl)N.[K+]
"Picolinafen",2250,mg/kg bw/day,C1=CC(=CC(=C1)OC2=CC=CC(=N2)C(=O)NC3=CC=C(C=C3)F)C(F)(F)F
"Picoxystrobin",2250,mg/kg bw,O=C(/C(C1=C(COC2=NC(C(F)(F)F)=CC=C2)C=CC=C1)=C/OC)OC
"Pinoxaden",2250,mg/kg bw/day,CCC1=CC(=CC(=C1C2=C(N3CCOCCN3C2=O)OC(=O)C(C)(C)C)CC)C
"Pirimicarb",20.9,mg/kg bw,CC1=C(N=C(N=C1OC(=O)N(C)C)N(C)C)C
"Potassium hydrogen carbonate",2064,mg/kg bw/day,C(=O)(O)[O-].[K+]
"Potassium hydrogen phosphonate",675,mg/kg bw,OP(O)O.[K+]
"Potassium iodide",1177,mg/kg bw/day,[K+].[I-]
"Potassium phosphonates",4000,mg/kg bw,OP(O)O.[K+].[K+]
"Potassium thiocyanate",649,mg/kg bw,C(#N)[S-].[K+]
"Prochloraz",662,mg/kg bw/day,CCCN(CCOC1=C(C=C(C=C1Cl)Cl)Cl)C(=O)N2C=CN=C2
"Propamocarb hydrochloride",1842,mg/kg bw/day,CCCOC(=O)NCCC[NH+](C)C.[Cl-]
"Propanil",196,mg/kg bw/day,CCC(=O)Nc1ccc(Cl)c(Cl)c1
"Propanil formulation (Propanil 60 DF)",1500,mg/kg bw/day,CCC(=O)Nc1ccc(Cl)c(Cl)c1
"Propaquizafop",2000,mg/kg bw,C/C(C)=N\OCCOC(=O)[C@@H](C)Oc1ccc(cc1)Oc2cnc3cc(Cl)ccc3n2
"Propargite",4640,mg/kg bw,CC(C)(C)c1ccc(cc1)OC2CCCCC2OS(=O)OCC#C
"Propargite formulation (Omite 570 EW)",1650,mg/kg bw/day,CC(C)(C)c1ccc(cc1)OC2CCCCC2OS(=O)OCC#C
"Propineb",5000,mg/kg bw/day,CC(CNC(=S)[S-])NC(=S)[S-].[Zn+2]
"Propisochlor",1916,mg/kg bw,CCC1=CC=CC(=C1N(COC(C)C)C(=O)CCl)C
"Propisochlor formulation (Proponit 840 EC)",1562,mg/kg bw,CCC1=CC=CC(=C1N(COC(C)C)C(=O)CCl)C
"Propoxycarbazone metabolite (M01)",5000,mg/kg bw/day,O=C(NS(=O)(=O)c1ccccc1C(=O)OC)N2N=C(OCC(C)O)N(C)C2=O
"Propoxycarbazone-sodium",2000,mg/kg bw/day,CCCOC1=NN(C(=O)N1C)C(=O)NS(=O)(=O)C2=CC=CC=C2C(=O)OC
"Propyzamide formulation: RH-315 (75% WP)",6578,mg/kg bw/day,CC(C)(C#C)NC(=O)C1=CC(=CC(=C1)Cl)Cl
"Proquinazid",2250,mg/kg bw/day,CCCN1C(=O)C2=C(C=CC(=C2)I)N=C1OCCC
"Prosulfocarb",2250,mg/kg bw/day,CCCN(CCC)C(=O)SCc1ccccc1
"Prosulfuron",1300,mg/kg bw,CC1=NC(=NC(=N1)OC)NC(=O)NS(=O)(=O)C2=CC=CC=C2CCC(F)(F)F
"Prothioconazole",2000,mg/kg bw,C1CC1(C(CC2=CC=CC=C2Cl)(CN3C(=S)N=CN3)O)Cl
"Pydiflumetofen",3776,mg/kg bw/day,CC(CC1=C(C=C(C=C1Cl)Cl)Cl)N(C(=O)C2=CN(N=C2C(F)F)C)OC
"Pymetrozine",2000,mg/kg bw/day,CC1=NNC(=O)N(C1)N=CC2=CN=CC=C2
"Pyraflufen-ethyl",2000,mg/kg bw/day,CCOC(=O)COC1=C(C=C(C(=C1)C2=NN(C(=C2Cl)OC(F)F)C)F)Cl
"Pyrethrins",1151.48,mg/kg bw/day,CC=CCC1=C(C(CC1=O)OC(=O)C2C(C2(C)C)C=C(C)C)C
"Pyridaben",2250,mg/kg bw/day,O=C1N(C(C)(C)C)N=CC(SCC2=CC=C(C(C)(C)C)C=C2)=C1Cl
"Pyridafol",1420,mg/kg bw,C1=CC=C(C=C1)C2=NN=C(C=C2O)Cl
"Pyridalyl",2250,mg/kg bw/day,C1=CC(=NC(=C1)OCCCOC2=C(C=C(C=C2Cl)OCC=C(Cl)Cl)Cl)C(F)(F)F
"Pyridate",1269,mg/kg bw,CCCCCCCCSC(=O)OC1=CC(=NN=C1C2=CC=CC=C2)Cl
"Pyrimethanil",2000,mg/kg bw,CC1=NC(NC2=CC=CC=C2)=NC(C)=C1
"Pyriofenone",2000,mg/kg bw/day,CC1=CC(=C(C(=C1C(=O)C2=C(C(=CN=C2OC)Cl)C)OC)OC)OC
"Pyriofenone formulation (IKF-309 180SC)",2000,mg/kg bw/day,CC1=CC(=C(C(=C1C(=O)C2=C(C(=CN=C2OC)Cl)C)OC)OC)OC
"Pyriofenone formulation (IKF-309 300SC)",2000,mg/kg bw/day,CC1=CC(=C(C(=C1C(=O)C2=C(C(=CN=C2OC)Cl)C)OC)OC)OC
"Pyriproxyfen",1906,mg/kg bw,CC(COC1=CC=C(C=C1)OC2=CC=CC=C2)OC3=CC=CC=N3
"Pyroxsulam",2000,mg/kg bw/day,COC1=CC(=NC2=NC(=NN12)NS(=O)(=O)C3=C(C=CN=C3OC)C(F)(F)F)OC
"Pyroxsulam formulation (GF-1274)",390,mg/kg bw/day,COC1=CC(=NC2=NC(=NN12)NS(=O)(=O)C3=C(C=CN=C3OC)C(F)(F)F)OC
"Quinmerac",2000,mg/kg bw/day,O=C(O)C1=C(Cl)C=CC2=C1N=CC(C)=C2
"Quinoclamine",2000,mg/kg bw/day,NC1=C(Cl)C(=O)c2ccccc2C1=O
"Quizalofop-P-ethyl",2000,mg/kg,CC1=C(C=CC(=C1)Cl)OC(C)C(=O)O
"Quizalofop-P-ethyl formulation (Targa super)",2551,mg/kg bw/day,CC1=C(C=CC(=C1)Cl)OC(C)C(=O)O
"Quizalofop-ethyl",2000,mg/kg,CCOC(=O)C(C)OC1=CC=C(C=C1)OC2=CN=C3C=C(C=CC3=N2)Cl
"Reynoutria sachalinensis extract",2000,mg/kg bw,CC1=CC(=C2C(=C1)C(=O)C3=CC(=CC(=C3C2=O)O)O)O
"Rimsulfuron",2250,mg/kg bw,O=S(C1=NC=CC=C1S(CC)(=O)=O)(NC(NC2=NC(OC)=CC(OC)=N2)=O)=O
"Silthiofam",2250,mg/kg bw/day,CC1=C(SC(=C1C(=O)NCC=C)[Si](C)(C)C)C
"Sintofen (aka cintofen)",1439,mg/kg bw/day,O=C(O)C2=NN(c1ccc(Cl)cc1)c3cccc(OCCOC)c3C2=O
"Sintofen formulation (Croisor 100L)",2000,mg/kg bw/day,O=C(O)C2=NN(c1ccc(Cl)cc1)c3cccc(OCCOC)c3C2=O
"Sodium 1-naphthylacetate",933,mg/kg bw/day,C1=CC=C2C(=C1)C=CC=C2CC(=O)[O-].[Na+]
"Sodium 1-naphthylacetate formulation (Fruitone N)",10000,mg/kg bw/day,C1=CC=C2C(=C1)C=CC=C2CC(=O)[O-].[Na+]
"Sodium 5-nitroguaiacolate",2067,mg/kg bw/day,COC1=C(C=C(C=C1)[N+](=O)[O-])[O-].[Na+]
"Sodium 5-nitroguaiacolate, sodium o-nitrophenolate and sodium p-nitrophenolate formulation (Atonik)",5000,mg/kg bw,COC1=C(C=C(C=C1)[N+](=O)[O-])[O-].[Na+]
"Sodium bicarbonate",8.075,mg/kg bw/day,C(=O)(O)[O-].[Na+]
"Sodium o-nitrophenolate",1046,mg/kg bw/day,C1=CC=C(C(=C1)[N+](=O)[O-])[O-].[Na+]
"Sodium p-nitrophenolate",1670,mg/kg bw/day,C1=CC(=CC=C1[N+](=O)[O-])[O-].[Na+]
"Spearmint oil",2000,mg/kg,CC1=CCC(CC1=O)C(=C)C
"Spinetoram formulation (GF-1587)",2250,mg/kg bw/day,CC[C@@H]1CCC[C@H]([C@@H](C(=O)C2=C[C@H]3[C@@H]([C@H]2CC(=O)O1)CC[C@@H]4[C@@H]3C[C@H](C4)O[C@@H]5[C@H]([C@H]([C@@H]([C@H](O5)C)OC)OCC)OC)C)O[C@@H]6CC[C@H]([C@@H](O6)C)N(C)C
"Spirodiclofen",2000,mg/kg bw,O=C2OC1(C(OC(C(CC)(C)C)=O)=C2C3=CC(Cl)=CC(Cl)=C3)CCCCC1
"Spiromesifen",2500,mg/kg bw,O=C(CC(C)(C)C)OC1=C(C3=C(C)C=C(C)C=C3C)C(OC21CCCC2)=O
"Spirotetramat-desmethyl-ketohydroxy",2000,mg/kg bw/day,Cc1cc(c(C)cc1)C3(O)C(=O)N[C@]2(CC[C@H](CC2)O)C3=O
"Spirotetramat-dihydroxy",2000,mg/kg bw/day,Cc1cc(c(C)cc1)C3(O)C(=O)N[C@@]2(CC[C@@H](CC2)O)C3O
"Spirotetramat-ketohydroxy",2000,mg/kg bw/day,Cc1cc(c(C)cc1)C3(O)C(=O)N[C@]2(CC[C@H](CC2)OC)C3=O
"Spirotetramat-monohydroxy",2000,mg/kg bw/day,Cc3cc(C2C(=O)N[C@@]1(CC[C@@H](CC1)OC)C2O)c(C)cc3
"Straight chain lepidopteran pheromone acetates",2250,mg/kg bw,CCCC/C=C\CCCCCCCCC/C=C/COC(=O)C
"Straight chain lepidopteran pheromone alcohols",2050,mg/kg bw,C/C=C/C=C/CCCCCCCO
"Straight chain lepidopteran pheromone aldehydes",2250,mg/kg bw,CCCC/C=C\CCCCCCCCCC=O
"Sulcotrione",1350,mg/kg bw/day,O=C2CCCC(=O)C2C(=O)c1ccc(cc1Cl)S(C)(=O)=O
"Sulcotrione formulation (300 SC)",2000,mg/kg bw/day,O=C2CCCC(=O)C2C(=O)c1ccc(cc1Cl)S(C)(=O)=O
"Sulfosulfuron",2250,mg/kg bw/day,CCS(=O)(=O)C1=C(N2C=CC=CC2=N1)S(=O)(=O)NC(=O)NC3=NC(=CC(=N3)OC)OC
"Sulfoxaflor metabolite (X11519540)",566,mg/kg bw,FC(F)(F)c1ccc(cn1)C(C)S(C)(=O)=O
"Sulfoxaflor metabolite (X11579457)",2000,mg/kg bw,CC(C1=CN=C(C=C1)C(F)(F)F)S(=N)(=O)C
"Sulfoxaflor metabolite (X11719474)",2250,mg/kg bw,CC(C1=CN=C(C=C1)C(F)(F)F)S(=NC(=O)N)(=O)C
"Sulfoxaflor metabolite (X11721061)",1038,mg/kg bw,CC(C1=CN=C(C=C1)C(F)(F)F)O
"Tea Tree Oil",1682,mg/kg bw,CC1(C2CCC(O1)(CC2)C)C
"Tea tree oil preparation (Timorex)",2000,mg/kg bw,CC1(C2CCC(O1)(CC2)C)C
"Tebuconazole",1988,mg/kg bw/day,OC(C(C)(C)C)(CN2N=CN=C2)CCC1=CC=C(Cl)C=C1
"Tebuconazole formulation (Folicur EW 2)",2000,mg/kg bw/day,OC(C(C)(C)C)(CN2N=CN=C2)CCC1=CC=C(Cl)C=C1
"Tebufenozide",2150,mg/kg bw,O=C(N(C(C)(C)C)NC(C2=CC=C(CC)C=C2)=O)C1=CC(C)=CC(C)=C1
"Tebufenpyrad",2000,mg/kg bw/day,O=C(NCC2=CC=C(C(C)(C)C)C=C2)C1=C(Cl)C(CC)=NN1C
"Tebufenpyrad formulation (BAS 31806I, MASAI)",1458,mg/kg bw/day,O=C(NCC2=CC=C(C(C)(C)C)C=C2)C1=C(Cl)C(CC)=NN1C
"Teflubenzuron",2250,mg/kg bw/day,O=C(NC(NC2=C(F)C(Cl)=C(F)C(Cl)=C2)=O)C1=C(F)C=CC=C1F
"Teflubenzuron formulation (Nomolt)",2000,mg/kg bw/day,O=C(NC(NC2=C(F)C(Cl)=C(F)C(Cl)=C2)=O)C1=C(F)C=CC=C1F
"Tefluthrin",267,mg/kg bw/day,O=C(OCC2=C(F)C(F)=C(C)C(F)=C2F)C1C(C)(C)C1/C=C(Cl)/C(F)(F)F
"Tefluthrin formulation (Force 20 CS)",344,mg/kg bw/day,O=C(OCC2=C(F)C(F)=C(C)C(F)=C2F)C1C(C)(C)C1/C=C(Cl)/C(F)(F)F
"Tembotrione",2250,mg/kg bw/day,CS(=O)(=O)C1=C(C(=C(C=C1)C(=O)C2C(=O)CCCC2=O)Cl)COCC(F)(F)F
"Terbuthylazine",1236,mg/kg bw/day,CCNc1nc(Cl)nc(NC(C)(C)C)n1
"Terbuthylazine formulation (Gardo Gold)",3000,mg/kg bw,CCNc1nc(Cl)nc(NC(C)(C)C)n1
"Terbuthylazine formulation (Terbuthylazine 500 g/L SC)",2000,mg/kg bw,CCNc1nc(Cl)nc(NC(C)(C)C)n1
"Terpenoid blend QRD 460",1530,mg/kg bw/day,CC(=C)c1ccc(C)cc1
"Tetraconazole",132,mg/kg bw/day,C1=CC(=C(C=C1Cl)Cl)C(CN2C=NC=N2)COC(C(F)F)(F)F
"Tetraconazole formulation (EMINENT 40 EW)",63,mg/kg bw/day,C1=CC(=C(C=C1Cl)Cl)C(CN2C=NC=N2)COC(C(F)F)(F)F
"Thiabendazole",2250,mg/kg bw,C1=CC=C2C(=C1)NC(=N2)C3=CSC=N3
"Thiamethoxam",5.55,g/ha,CN\1COCN(/C1=N/[N+](=O)[O-])CC2=CN=C(S2)Cl
"Thiencarbazone-methyl",2000,mg/kg bw/day,S(C1C(C(=O)OC([H])([H])[H])=C([H])SC=1C([H])([H])[H])(N([H])C(N1C(N(C([H])([H])[H])C(=N1)OC([H])([H])[H])=O)=O)(=O)=O
"Thifensulfuron-methyl",2510,mg/kg bw/day,CC1=NC(=NC(=N1)OC)NC(=O)NS(=O)(=O)C2=C(SC=C2)C(=O)OC
"Thiodicarb",2023,mg/kg bw/day,CC(=NOC(=O)N(C)SN(C)C(=O)ON=C(C)SC)SC
"Thiophanate-methyl",4640,mg/kg bw/day,COC(=O)NC(=S)NC1=CC=CC=C1NC(=S)NC(=O)OC
"Thiram",930,mg/kg bw/day,CN(C)C(=S)SSC(=S)N(C)C
"Thymol",980,mg/kg bw,CC1=CC(=C(C=C1)C(C)C)O
"Thymol formulation (Mevalone 3AEY)",10000,mg/kg bw,CC1=CC(=C(C=C1)C(C)C)O
"Tolclofos-methyl",5000,mg/kg bw,S=P(OC)(OC)OC1=C(Cl)C=C(C)C=C1Cl
"Tolylfluanid",2000,mg/kg bw,CC1=CC=C(C=C1)N(SC(F)(Cl)Cl)S(=O)(=O)N(C)C
"Topramezone",2000,mg/kg bw/day,CC1=C(C=CC(=C1C2=NOCC2)S(=O)(=O)C)C(=O)C3=CNN(C3=O)C
"Tralkoxydim",2024,mg/kg bw/day,CCC(=C1C(=O)CC(CC1=O)C2=C(C=C(C=C2C)C)C)NOCC
"Tri-allate",1560,mg/kg bw/day,CC(C)N(C(C)C)C(=O)SCC(=C(Cl)Cl)Cl
"Triadimefon",2000,mg/kg bw/day,CC(C)(C)C(=O)C(N1C=NC=N1)OC2=CC=C(C=C2)Cl
"Triadimenol",2000,mg/kg bw/day,OC(C(C)(C)C)C(N2N=CN=C2)OC1=CC=C(Cl)C=C1
"Triasulfuron",2150,mg/kg bw,CC1=NC(=NC(=N1)OC)NC(=O)NS(=O)(=O)C2=CC=CC=C2OCCCl
"Triazine amine",1000,mg/kg bw,CC1=NC(=NC(=N1)OC)N
"Triazoxide",90,mg/kg bw/day,Clc1ccc2nc(n[n+]([O-])c2c1)n3ccnc3
"Tribasic copper sulfate",616,mg/kg bw,[OH-].[OH-].[O-]S(=O)(=O)[O-].[O-]S(=O)(=O)[O-].[Cu+2].[Cu+2].[Cu+2]
"Tribenuron-methyl",2250,mg/kg bw,CC1=NC(=NC(=N1)OC)N(C)C(=O)NS(=O)(=O)C2=CC=CC=C2C(=O)OC
"Trichlorfon",212,mg/kg bw/day,COP(=O)(C(C(Cl)(Cl)Cl)O)OC
"Trichloronitromethane",62,mg/kg bw/day,[O-][N+](=O)C(Cl)(Cl)Cl
"Triclopyr",1698,mg/kg bw,Clc1cc(Cl)c(Cl)nc1OCC(=O)O
"Triclopyr-butoxyethyl ester",735,mg/kg bw,Clc1cc(Cl)c(Cl)nc1OCC(=O)OCCOCCCC
"Tricyclazole",2176,mg/kg bw/day,CC1=C2C(=CC=C1)SC3=NN=CN23
"Trifloxystrobin",2000,mg/kg bw/day,CC(C1=CC(C(F)(F)F)=CC=C1)=NOCC2=C(C(C(OC)=O)=NOC)C=CC=C2
"Trifloxystrobin metabolite (NOA 413161)",2000,mg/kg bw/day,FC(F)(F)c1cccc(c1)\C(=N\OCc2ccccc2C(=N\OC)/C(=O)O)C(=O)O
"Trifloxystrobin metabolite (NOA 413163)",2000,mg/kg bw/day,FC(F)(F)c1cccc(c1)/C(=N\OCc2ccccc2C(=N\OC)/C(=O)O)C(=O)O
"Triflumizole",2510,mg/kg bw/day,CCCOCC(=NC1=C(C=C(C=C1)Cl)C(F)(F)F)N2C=CN=C2
"Triflumuron",561,mg/kg bw/day,O=C(C1=CC=CC=C1Cl)NC(NC(C=C2)=CC=C2OC(F)(F)F)=O
"Triflumuron formulation (Alsystin SC 480)",2123,mg/kg bw/day,O=C(C1=CC=CC=C1Cl)NC(NC(C=C2)=CC=C2OC(F)(F)F)=O
"Trifluoroacetic acid (TFA)",2000,mg/kg bw/day,C(=O)(C(F)(F)F)O
"Trifluralin",2250,mg/kg bw,CCCN(CCC)c1c(cc(cc1[N+](=O)[O-])C(F)(F)F)[N+](=O)[O-]
"Triflusulfuron-methyl",2250,mg/kg bw/day,CC1=CC=CC(=C1S(=O)(=O)NC(=O)NC2=NC(=NC(=N2)OCC(F)(F)F)N(C)C)C(=O)OC
"Triflusulfuron-methyl formulation (50WG)",2250,mg/kg bw/day,CC1=CC=CC(=C1S(=O)(=O)NC(=O)NC2=NC(=NC(=N2)OCC(F)(F)F)N(C)C)C(=O)OC
"Trinexapac-ethyl",2000,mg/kg bw,CCOC(=O)C1CC(=O)C(=C(C2CC2)O)C(=O)C1
"Triticonazole",2000,mg/kg bw,CC1(CCC(=CC2=CC=C(C=C2)Cl)C1(CN3C=NC=N3)O)C
"Urea",14300,mg/kg bw/day,C(=O)(N)N
"Valiphenal",2250,mg/kg bw,CC(C)[C@@H](C(=O)NC(CC(=O)OC)C1=CC=C(C=C1)Cl)NC(=O)OC(C)C
"Valiphenal formulation (JAVA F (IR5885 F))",2000,mg/kg bw,CC(C)[C@@H](C(=O)NC(CC(=O)OC)C1=CC=C(C=C1)Cl)NC(=O)OC(C)C
"Valiphenal metabolite (IR-5839)",2000,mg/kg bw,Clc1ccc(cc1)C(NC(=O)[C@@H](NC(=O)OC(C)C)C(C)C)CC(=O)O
"Zoxamide",2000,mg/kg bw/day,CCC(C)(C(=O)CCl)NC(=O)C1=CC(=C(C(=C1)Cl)C)Cl
"alpha-Cypermethrin",35,mg/kg bw/day,CC1([C@@H]([C@@H]1C(=O)O[C@@H](C#N)C2=CC(=CC=C2)OC3=CC=CC=C3)C=C(Cl)Cl)C
"beta-Cyfluthrin",58.6,mg/kg bw/day,CC1(C(C1C(=O)OC(C#N)c2ccc(c(c2)Oc3ccccc3)F)C=C(Cl)Cl)C
"d-Carvone",2000,mg/kg bw/day,O=C1C[C@H](C\C=C1\C)C(C)=C
