ID,LD50,Smiles,,,,,,,,Predicated values from model,,,,Error (%)
1,2.15,CN1C=C(C(=N1)C(F)(F)F)C(=O)N,,,,,,,,-2.23314,,,,-196.2769911
2,5,CC/C=C\C=C\CCCCCCOC(=O)C,,,,,,,,2.49926,,,,100.0592175
3,2.25,CCCC/C=C/CC/C=C\CCCCCCOC(=O)C,,,,,,,,2.84978,,,,-21.04653693
4,5,CCC/C=C/CCCCCCCOC(=O)C,,,,,,,,4.00088,,,,24.97250605
5,2.05,C/C=C/C=C/CCCCCCCO,,,,,,,,1.37406,,,,49.19290278
6,2,CCC/C=C/CCCCCCCOC(=O)C,,,,,,,,4.00088,,,,-50.01099758
7,2,CCCCCCC(C)C1=CC(=CC(=C1OC(=O)/C=C\C)[N+](=O)[O-])[N+](=O)[O-],,,,,,,,-0.990934,,,,-301.8297889
8,1.03,CCCCCCC(C)C1=CC(=CC(=C1OC(=O)/C=C/C)[N+](=O)[O-])[N+](=O)[O-],,,,,,,,-0.990934,,,,-203.9423413
9,2.25,CCCC/C=C\CCCCCCCCCC=O,,,,,,,,2.0213,,,,11.31450057
10,5,CC/C=C\CCCCCCCCCCOC(=O)C,,,,,,,,3.90445,,,,28.05900959
11,5,CC/C=C/CCCCCCCCOC(=O)C,,,,,,,,3.59568,,,,39.0557558
12,5,CCCC/C=C\CCCCCCCCOC(=O)C,,,,,,,,4.03561,,,,23.8970069
13,0.1398,ClCC=CCl,,,,,,,,1.57883,,,,-91.1453418
14,0.463,C(CCN)CN,,,,,,,,10.7527,,,,-95.69410474
15,4.64,CCCCCCCCCCO,,,,,,,,3.62524,,,,27.99152608
16,0.01,CC1=CC1,,,,,,,,2.72918,,,,-99.63358958
17,2.51,OC(=O)Cc1cccc2ccccc12,,,,,,,,-0.521279,,,,-581.5079832
18,2,OC(=O)Cc1cccc2ccccc12,,,,,,,,-0.521279,,,,-483.6716998
19,0.158,C1(=C(C(=C(C(=C1Cl)C#N)Cl)Cl)O)C#N,,,,,,,,-0.740703,,,,-121.3310868
20,0.262,CC1OC(C)OC(C)OC(C)O1,,,,,,,,4.81907,,,,-94.56326636
21,0.5,C1=CC(=C(C=C1Cl)Cl)OCC(=O)O,,,,,,,,-0.0849813,,,,-688.3647344
22,1.273,Clc1cc(N)c(Cl)cc1OC(F)(F)C(F)C(F)(F)F,,,,,,,,-0.92979,,,,-236.9126362
23,0.5,C1=CC(=C(C(=C1)Cl)C(=O)N)Cl,,,,,,,,2.33684,,,,-78.60358433
24,2.065,C1=CC(=C(C(=C1)F)C(=O)N)F,,,,,,,,1.4868,,,,38.88888889
25,2,C1CC1(C(CC2=CC=CC=C2Cl)(CN3C=NC=N3)O)Cl,,,,,,,,-0.805443,,,,-348.310557
26,10,NC(=O)Cc1cccc2ccccc12,,,,,,,,0.0734773,,,,13509.64543
27,5,O=S(C)(=O)c1cc(N)c(cc1)C(=O)O,,,,,,,,5.56329,,,,-10.1251238
28,2,OC(=O)c1ccc(c(COCC(F)(F)F)c1Cl)S(C)(=O)=O,,,,,,,,-0.122134,,,,-1737.545647
29,2,C1=CC=C2C=C(C=CC2=C1)OCC(=O)O,,,,,,,,0.152499,,,,1211.48401
30,2.25,C1=CC=C(C=C1)C2=CC=CC=C2O,,,,,,,,2.9611,,,,-24.01472426
31,2.052,CCCOC2=Nc1ccccc1C(=O)N2CCC,,,,,,,,1.08513,,,,89.10176661
32,2,CS(=O)(=O)C1=C(C(=C(C=C1)C(=O)C2C(=O)C(CC(C2=O)O)O)Cl)COCC(F)(F)F,,,,,,,,-0.39957,,,,-600.5380784
33,5,CC(C)C(C)C(C(C(C)C1CCC2C1(CCC3C2COC(=O)C4C3(CC(C(C4)O)O)C)C)O)O,,,,,,,,0.0655995,,,,7522.009314
34,0.09909,C1=CC(=C(C=C1N)Cl)Cl,,,,,,,,0.564961,,,,-82.46073623
35,1.465,OC(=O)c1nc(Cl)ccc1Cl,,,,,,,,1.77062,,,,-17.26062057
36,5,Clc1cc(cnc1C(O)=O)C(F)(F)F,,,,,,,,-0.282782,,,,-1868.146487
37,5,OC(=O)c1ncc(cc1S(C)=O)C(F)(F)F,,,,,,,,2.49069,,,,100.747584
38,5,OS(=O)(=O)c1cc(ccc1C(=O)O)C(F)(F)F,,,,,,,,-0.101759,,,,-5013.570298
39,2,O=C(CS(=O)CC(O)C(=O)O)N(Cn1cccn1)c2c(C)cccc2C,,,,,,,,-0.0392023,,,,-5201.741479
40,1.17,C1=CC(=CC=C1C(=O)O)Cl,,,,,,,,0.781577,,,,49.69734268
41,0.795,CC1NC(=S)NC1,,,,,,,,4.34127,,,,-81.68738641
42,1.937,Clc2cc(ccc2Oc1ccc(N)c(F)c1)C(F)(F)F,,,,,,,,-0.535793,,,,-461.520214
43,0.24,C1CN2C(=N1)SSC2=S,,,,,,,,1.08522,,,,-77.88466855
44,0.5,O=C2C(c1ccccc1C)=C(N)NN2C(C)C,,,,,,,,-0.0916167,,,,-645.7520299
45,1.599,C1=CC=C(C=C1)CNC2=NC=NC3=C2NC=N3,,,,,,,,-0.164753,,,,-1070.543784
46,5,C1=CC=C(C=C1)CNC2=NC=NC3=C2NC=N3,,,,,,,,-0.164753,,,,-3134.846103
47,0.311,C1=CC2=C(C(=C1)O)N=CC=C2,,,,,,,,0.675184,,,,-53.93848195
48,0.3,CC(=O)OC2=C(CCCCCCCCCCCC)C(=O)c1ccccc1C2=O,,,,,,,,1.50444,,,,-80.05902529
49,0.3,CC(=O)OC2=C(CCCCCCCCCCCC)C(=O)c1ccccc1C2=O,,,,,,,,1.50444,,,,-80.05902529
50,0.146,CC(=NC#N)N(C)CC1=CN=C(C=C1)Cl,,,,,,,,0.515574,,,,-71.68204758
51,2,CC(=O)O,,,,,,,,1.2844,,,,55.71473061
52,0.928,ClCC(=O)N(COCC)c1c(C)cccc1CC,,,,,,,,0.947541,,,,-2.062285431
53,1.345,ClCC(=O)N(COCC)c1c(C)cccc1CC,,,,,,,,0.947541,,,,41.94636433
54,0.375,ClCC(=O)N(COCC)c1c(C)cccc1CC,,,,,,,,0.947541,,,,-60.42387612
55,2,CSC(=O)C1=C2C(=CC=C1)N=NS2,,,,,,,,2.01219,,,,-0.605807603
56,2,Clc2c(N)c(ccc2Oc1ccccc1)[N+]([O-])=O,,,,,,,,0.962292,,,,107.8371222
57,5.596,Clc2c(N)c(ccc2Oc1ccccc1)[N+]([O-])=O,,,,,,,,0.962292,,,,481.5282679
58,2.25,CC1([C@H]([C@H]1C(=O)O[C@H](C#N)C2=CC(=CC=C2)OC3=CC=CC=C3)/C=C\C(=O)OC(C(F)(F)F)C(F)(F)F)C,,,,,,,,0.753553,,,,198.585501
59,2,CC1([C@H]([C@H]1C(=O)O[C@H](C#N)C2=CC(=CC=C2)OC3=CC=CC=C3)/C=C\C(=O)OC(C(F)(F)F)C(F)(F)F)C,,,,,,,,0.753553,,,,165.4093342
60,2,C1=CC=C(C(=C1)C(=O)O)C(F)(F)F,,,,,,,,-0.830746,,,,-340.7474728
61,2,[NH4+].O.O.O.O.O.O.O.O.O.O.O.O.[O-]S(=O)(=O)[O-].[O-]S(=O)(=O)[O-].[Al+3],,,,,,,,-0.567552,,,,-452.390618
62,5,[O-2].[O-2].[O-2].[O-2].[O-2].[Al+3].[Al+3].[Si+4],,,,,,,,1.12711,,,,343.6124247
63,5,[O-]S(=O)(=O)[O-].[O-]S(=O)(=O)[O-].[O-]S(=O)(=O)[O-].[Al+3].[Al+3],,,,,,,,-4.67394,,,,-206.9761272
64,2,n1c(c(c(n2ncnc12)N)CCCCCCCC)CC,,,,,,,,7.77219,,,,-74.26722713
65,0.545,n1c(c(c(n2ncnc12)N)CCCCCCCC)CC,,,,,,,,7.77219,,,,-92.98781939
66,2,O=C(Nc1nc(cc(OC)n1)OC)NS(=O)(=O)N(C)S(C)(=O)=O,,,,,,,,-3.08696,,,,-164.7886594
67,2,O=C(Nc1nc(cc(OC)n1)OC)NS(=O)(=O)N(C)S(C)(=O)=O,,,,,,,,-3.08696,,,,-164.7886594
68,2.25,Clc1c(nc(Cl)cc1N)C(=O)O,,,,,,,,143.949,,,,-98.43694642
69,2.25,Clc1c(nc(Cl)cc1N)C(=O)O,,,,,,,,143.949,,,,-98.43694642
70,2,CC1=C(C2=C(N1S(=O)(=O)C3=NN(C=N3)S(=O)(=O)N(C)C)C=C(C=C2)F)Br,,,,,,,,0.0965802,,,,1970.817828
71,2.15,C1=NNC(=N1)N,,,,,,,,-1.54861,,,,-238.8341803
72,1.8265,COC(=O)NS(=O)(=O)C1=CC=C(C=C1)N.[Na+],,,,,,,,2.71932,,,,-32.83247282
73,2.25,C24(C(C3C1(C=COC1OC2C3)O)(C)O4)C6(C8C5(C(CC(C7(C5C(C6O)OC7)OC(=O)C)OC(=O)C)OC(/C(=C/C)C)=O)COC8(C(=O)OC)O)C,,,,,,,,-7.80346,,,,-128.8333637
74,2,C24(C(C3C1(C=COC1OC2C3)O)(C)O4)C6(C8C5(C(CC(C7(C5C(C6O)OC7)OC(=O)C)OC(=O)C)OC(/C(=C/C)C)=O)COC8(C(=O)OC)O)C,,,,,,,,-7.80346,,,,-125.6296566
75,4,C24(C(C3C1(C=COC1OC2C3)O)(C)O4)C6(C8C5(C(CC(C7(C5C(C6O)OC7)OC(=O)C)OC(=O)C)OC(/C(=C/C)C)=O)COC8(C(=O)OC)O)C,,,,,,,,-7.80346,,,,-151.2593132
76,2.25,Cn1nc(nn1)c2cnn(C)c2S(=O)(=O)NC(=O)Nc3nc(OC)cc(OC)n3,,,,,,,,-1.14022,,,,-297.3303398
77,2.25,Cn1nc(nn1)c2cnn(C)c2S(=O)(=O)NC(=O)Nc3nc(OC)cc(OC)n3,,,,,,,,-1.14022,,,,-297.3303398
78,0.0085,COP(=S)(OC)SCN1C(=O)C2=CC=CC=C2N=N1,,,,,,,,-0.390189,,,,-102.1784315
79,2,N#CC1=CC=CC=C1OC2=NC=NC(OC3=CC=CC=C3/C(C(OC)=O)=C\OC)=C2,,,,,,,,1.40235,,,,42.61774878
80,5,CC1=C(C(=CC=C1)C)N(C(C)C(=O)OC)C(=O)CC2=CC=CC=C2,,,,,,,,0.663188,,,,653.9340278
81,2,C[C@@H](N(C(=O)Cc1ccccc1)c2c(C)cccc2C)C(=O)OC,,,,,,,,0.663189,,,,201.5731564
82,2,CCCCN(CC)C1=C(C=C(C=C1[N+](=O)[O-])C(F)(F)F)[N+](=O)[O-],,,,,,,,8.20302,,,,-75.61873554
83,0.0198,CCOC(=O)CCN(C(C)C)SN(C)C(=O)OC1=CC=CC2=C1OC(C2)(C)C,,,,,,,,-0.756728,,,,-102.616528
84,2.51,COC1=CC(=NC(=N1)NC(=O)NS(=O)(=O)CC2=CC=CC=C2C(=O)OC)OC,,,,,,,,-0.304187,,,,-925.1503187
85,0.56498,CC(C)N1C(=O)C2=CC=CC=C2NS1(=O)=O,,,,,,,,0.231213,,,,144.3547724
86,2,CC(C)[C@H](NC(=O)OC(C)C)C(=O)N[C@H](C)c1nc2ccc(F)cc2s1,,,,,,,,2.579,,,,-22.45056223
87,1.7,C1=CC=C(C=C1)C(=O)O,,,,,,,,1.43291,,,,18.63969126
88,2,CC1(C(C1C(=O)OC(C#N)C2=CC(=CC=C2)OC3=CC=CC=C3)C=C(Cl)Cl)C,,,,,,,,1.51064,,,,32.39421702
89,1.036,O=C(NNC1=C(OC)C=CC(C2=CC=CC=C2)=C1)OC(C)C,,,,,,,,0.572673,,,,80.90603189
90,2,[O-][N+](C(C=C2)=C(C=C2OC1=CC=C(Cl)C=C1Cl)C(OC)=O)=O,,,,,,,,-0.417286,,,,-579.2875869
91,2,[O-][N+](C(C=C2)=C(C=C2OC1=CC=C(Cl)C=C1Cl)C(OC)=O)=O,,,,,,,,-0.417286,,,,-579.2875869
92,1.8,O=C(OCC2=CC=CC(C3=CC=CC=C3)=C2C)C1C(C)(C)C1/C=C(Cl)/C(F)(F)F,,,,,,,,0.978922,,,,83.87573269
93,0.727,COC1=CC(=NC(=N1)OC2=C(C(=CC=C2)OC3=NC(=CC(=N3)OC)OC)C(=O)[O-])OC.[Na+],,,,,,,,3.11776,,,,-76.6819768
94,2.25,COC1=CC(=NC(=N1)OC2=C(C(=CC=C2)OC3=NC(=CC(=N3)OC)OC)C(=O)[O-])OC.[Na+],,,,,,,,3.11776,,,,-27.83280304
95,0.776,CC(C)(C)C(O)C(Oc1ccc(cc1)c2ccccc2)n3cncn3,,,,,,,,3.95054,,,,-80.35711574
96,5,CC(C)(C)C(O)C(Oc1ccc(cc1)c2ccccc2)n3cncn3,,,,,,,,3.95054,,,,26.56497593
97,2,FC(F)c3nn(C)cc3C(=O)Nc2ccc(F)cc2c1ccc(Cl)c(Cl)c1,,,,,,,,0.180939,,,,1005.344895
98,2,FC(F)c3nn(C)cc3C(=O)Nc2ccc(F)cc2c1ccc(Cl)c(Cl)c1,,,,,,,,0.180939,,,,1005.344895
99,0.138,C1=CC=C(C=C1)C(CC(C2=CC=C(C=C2)C3=CC=C(C=C3)Br)O)C4=C(C5=CC=CC=C5OC4=O)O,,,,,,,,0.309384,,,,-55.39523699
100,0.073,CBr,,,,,,,,0.20668,,,,-64.67969808
101,0.217,C1=C(C=C(C(=C1Br)O)Br)C#N,,,,,,,,1.01876,,,,-78.69959559
102,0.42,CCCC(=O)OC1=C(C=C(C=C1Br)C#N)Br,,,,,,,,0.348049,,,,20.67266391
103,0.379,CCCCCCC(=O)OC1=C(C=C(C=C1Br)C#N)Br,,,,,,,,-0.0282392,,,,-1442.106009
104,0.17,Brc1cc(cc(Br)c1OC(=O)CCCCCCC)C#N,,,,,,,,0.0873563,,,,94.60531181
105,5,O=S(OC1=C(CCCC)C(C)=NC(NCC)=N1)(N(C)C)=O,,,,,,,,-0.623946,,,,-901.351399
106,2,CC(C)N1C(=NC(C)(C)C)SCN(C1=O)C2=CC=CC=C2,,,,,,,,0.428345,,,,366.9133526
107,0.0161,CCC(C)SP(=O)(OCC)SC(C)CC,,,,,,,,-0.451446,,,,-103.566318
108,0.1026,CCC(C)SP(=O)(OCC)SC(C)CC,,,,,,,,-0.451446,,,,-122.7269707
109,2,ClC(Cl)(Cl)SN1C(=O)C2CC=CCC2C1=O,,,,,,,,8.96739,,,,-77.69696645
110,2,ClC(Cl)(Cl)SN1C(=O)C2CC=CCC2C1=O,,,,,,,,8.96739,,,,-77.69696645
111,2,CNC(=O)Oc1cccc2ccccc12,,,,,,,,-0.616993,,,,-424.1527862
112,0.3,CNC(=O)Oc1cccc2ccccc12,,,,,,,,-0.616993,,,,-148.6229179
113,2.25,N(C(=O)OC)C1=Nc2ccccc2N1,,,,,,,,6.65771,,,,-66.20459587
114,2,O=C(NCC)C(OC(NC1=CC=CC=C1)=O)C,,,,,,,,17.9082,,,,-88.83193174
115,1.2,O=C(NCC)C(OC(NC1=CC=CC=C1)=O)C,,,,,,,,17.9082,,,,-93.29915904
116,0.00071,CNC(=O)Oc1cccc2CC(C)(C)Oc12,,,,,,,,0.536843,,,,-99.86774532
117,0.01,CCCCN(CCCC)SN(C)C(=O)Oc1cccc2CC(C)(C)Oc12,,,,,,,,0.226662,,,,-95.58814446
118,0.016,CCCCN(CCCC)SN(C)C(=O)Oc1cccc2CC(C)(C)Oc12,,,,,,,,0.226662,,,,-92.94103114
119,2.15,CC1=C(SCCO1)C(=O)Nc2ccccc2,,,,,,,,3.65895,,,,-41.23997322
120,2.25,O=C2N(N=C(C)N2C(F)F)C1=CC(CC(Cl)C(OCC)=O)=C(Cl)C=C1F,,,,,,,,-0.0651676,,,,-3552.635972
121,2.25,CC1=C(C(=CC(=C1)Cl)C(=O)NC)NC(=O)C2=CC(=NN2C3=C(C=CC=N3)Cl)Br,,,,,,,,0.659755,,,,241.0356875
122,2,Cc3cc(Cl)cc2c3N=C1C(Cl)=CC=CN1C2=O,,,,,,,,0.08114,,,,2364.875524
123,2.25,Cc4cc(Cl)cc3c4N=C(c2cc(Br)nn2c1ncccc1Cl)N(C)C3=O,,,,,,,,-0.230905,,,,-1074.426712
124,2,O=C(NC)c1cc(Br)nn1,,,,,,,,1.62976,,,,22.71745533
125,2,Brc1cc(nn1)C2=Nc3c(C)cc(Cl)cc3C(=O)N2C,,,,,,,,0.0220428,,,,8973.257481
126,2,NC1=C(Cl)C(=O)N(N=C1)c2ccccc2,,,,,,,,0.0839864,,,,2281.337931
127,2,Clc1c(Cl)c(C#N)c(Cl)c(C#N)c1Cl,,,,,,,,0.0839865,,,,2281.335096
128,0.122,S=P(OC1=NC(=C(C=C1Cl)Cl)Cl)(OCC)OCC,,,,,,,,-0.338784,,,,-136.0111457
129,0.00841,S=P(OC1=NC(=C(C=C1Cl)Cl)Cl)(OCC)OCC,,,,,,,,3.31725,,,,-99.74647675
130,5,Cc2nc(NC(=O)NS(=O)(=O)c1ccccc1Cl)nc(OC)n2,,,,,,,,5.00432,,,,-0.086325415
131,2,CC1=CC(=CC(=C1)C(=O)N(C(C)(C)C)NC(=O)C2=C(C3=C(C=C2)OCCC3)C)C,,,,,,,,1.51887,,,,31.6768387
132,2,Cc1cc(cc(C)c1)C(=O)N(NC(=O)c3ccc2OCCC(O)c2c3C)C(C)(C)C,,,,,,,,0.239268,,,,735.8827758
133,1.64,CC/C(=N\OC\C=C\Cl)C1=C(O)CC(CC(C)SCC)CC1=O,,,,,,,,1.62454,,,,0.951654007
134,1.363,O=C(OCC#C)[C@H](OC1=CC=C(OC2=NC=C(Cl)C=C2F)C=C1)C,,,,,,,,2.60361,,,,-47.64960958
135,3,Clc3ccccc3c1nnc(nn1)c2ccccc2Cl,,,,,,,,3.72461,,,,-19.45465431
136,2.51,O=C1N(CC(C=CC=C2)=C2Cl)OCC(C)1C,,,,,,,,3.2369,,,,-22.45667151
137,1.183,O.[Cu].[Cu],,,,,,,,-8.53118,,,,-113.8667804
138,0.223,O.O.[Cu],,,,,,,,0.534093,,,,-58.24697197
139,0.35,NC#N,,,,,,,,-0.51543,,,,-167.9044681
140,2,O=S(N1C(C#N)=NC(Cl)=C1C2=CC=C(C)C=C2)(N(C)C)=O,,,,,,,,0.490488,,,,307.7571724
141,0.324,N#Cc2nc(c1ccc(C)cc1)c(Cl)n2,,,,,,,,-0.394905,,,,-182.0450488
142,2,CC(C1CC1)NC(=O)C2=CC(=CC(=C2NC(=O)C3=CC(=NN3C4=C(C=CC=N4)Cl)Br)Br)Cl,,,,,,,,-0.906161,,,,-320.7113305
143,2,CCC/C(=N\OCC)C=1C(=O)CC(CC=1O)C2CCCSC2,,,,,,,,-0.906161,,,,-320.7113305
144,2,CC(C)(C)C1=CC=C(C=C1)C(C#N)(C(=O)C2=CC=CC=C2C(F)(F)F)C(=O)OCCOC,,,,,,,,1.51064,,,,32.39421702
145,2,CCNC(=O)NC(=O)C(=NOC)C#N,,,,,,,,4.31261,,,,-53.62437132
146,2,CCNC(=O)NC(=O)C(=NOC)C#N,,,,,,,,0.623912,,,,220.5580274
147,10.248,CC1(C(C1C(=O)OC(C#N)C2=CC(=CC=C2)OC3=CC=CC=C3)C=C(Cl)Cl)C,,,,,,,,0.623912,,,,1542.539332
148,0.094,ClC1=CC=C(C(CN2C=NC=N2)(C(C)C3CC3)O)C=C1,,,,,,,,-8.54525,,,,-101.1000263
149,0.5,CC1=NC(NC3=CC=CC=C3)=NC(C2CC2)=C1,,,,,,,,0.464336,,,,7.68064505
150,2,CC1=NC(NC3=CC=CC=C3)=NC(C2CC2)=C1,,,,,,,,0.32239,,,,520.3666367
151,1.785,Nc2nc(N)nc(NC1CC1)n2,,,,,,,,0.32239,,,,453.6772232
152,0.1237,ClC1=CC(=CN(C)C1=O)C(F)(F)F,,,,,,,,2.55716,,,,-95.16260226
153,0.415,CN1CSC(=S)N(C)C1,,,,,,,,-0.516877,,,,-180.2898949
154,0.498,CN1CSC(=S)N(C)C1,,,,,,,,0.81242,,,,-38.70165678
155,5,CCCCCCC=CC(=O)C,,,,,,,,0.849418,,,,488.6383383
156,0.196,CC[N+](CC)(CC1=CC=CC=C1)CC(=O)NC2=C(C=CC=C2C)C.C1=CC=C(C=C1)C(=O)[O-],,,,,,,,0.849418,,,,-76.92537714
157,2,CCOC(=O)NC1=CC(=CC=C1)OC(=O)NC2=CC=CC=C2,,,,,,,,1.17855,,,,69.70005515
158,0.00144,CCOP(=S)(OCC)Oc1cc(C)nc(n1)C(C)C,,,,,,,,1.17855,,,,-99.87781596
159,0.0039,CCOP(=S)(OCC)Oc1cc(C)nc(n1)C(C)C,,,,,,,,16.1004,,,,-99.975777
160,0.216,COC1=C(C=CC(=C1C(=O)O)Cl)Cl,,,,,,,,0.552046,,,,-60.87282582
161,1.15,COC1=C(C=CC(=C1C(=O)O)Cl)Cl,,,,,,,,-0.977811,,,,-217.6096403
162,0.698,Clc1cccc(Cl)c1C#N,,,,,,,,0.506674,,,,37.76116398
163,1.01,CCCCC(CC)COC(=O)[C@@H](C)OC1=C(C=C(C=C1)Cl)Cl,,,,,,,,0.506674,,,,99.33922009
164,0.08,COP(=O)(OC)OC=C(Cl)Cl,,,,,,,,1.6466,,,,-95.1415037
165,2.25,CC(C(=O)OC)OC1=CC=C(C=C1)OC2=C(C=C(C=C2)Cl)Cl,,,,,,,,1.6466,,,,36.64520831
166,2.029,CC(C(=O)OC)OC1=CC=C(C=C1)OC2=C(C=C(C=C2)Cl)Cl,,,,,,,,1.6466,,,,23.22361229
167,0.9,Nc1c(Cl)cc(cc1Cl)[N+](=O)[O-],,,,,,,,-1.27811,,,,-170.4164743
168,0.994,Nc1c(Cl)cc(cc1Cl)[N+](=O)[O-],,,,,,,,-1.27811,,,,-177.7710839
169,3.2,Nc1c(Cl)cc(cc1Cl)[N+](=O)[O-],,,,,,,,-8.40843,,,,-138.0570451
170,0.511,[OH-].[OH-].[OH-].[Cl-].[Cu+2].[Cu+2],,,,,,,,2.51192,,,,-79.65699545
171,0.173,[OH-].[OH-].[OH-].[Cl-].[Cu+2].[Cu+2],,,,,,,,2.51192,,,,-93.11283799
172,2,C(#N)N=C(N)N,,,,,,,,-0.92316,,,,-316.6471684
173,2.25,O=C(OC(C)C)NC1=CC=C(OCC)C(OCC)=C1,,,,,,,,2.23835,,,,0.52047267
174,1.25,O=C(OC(C)C)NC1=CC=C(OCC)C(OCC)=C1,,,,,,,,0.654998,,,,90.84027737
175,0.043,CCOC(=O)CC(C(=O)OCC)SP(=O)(OC)OC,,,,,,,,0.654998,,,,-93.43509446
176,0.056,C1C(CC2=CC=CC=C2C1C3=C(C4=CC=CC=C4OC3=O)O)C5=CC=C(C=C5)C6=CC=CC=C6,,,,,,,,0.654998,,,,-91.45035557
177,2,CC1COC(O1)(CN2C=NC=N2)C3=C(C=C(C=C3)OC4=CC=C(C=C4)Cl)Cl,,,,,,,,-0.653597,,,,-405.9989565
178,3,CC1COC(O1)(CN2C=NC=N2)C3=C(C=C(C=C3)OC4=CC=C(C=C4)Cl)Cl,,,,,,,,-1.66222,,,,-280.4815247
179,3,CC1COC(O1)(CN2C=NC=N2)C3=C(C=C(C=C3)OC4=CC=C(C=C4)Cl)Cl,,,,,,,,0.692773,,,,333.0422808
180,5,Fc1cccc(F)c1C(=O)NC(=O)Nc2ccc(Cl)cc2,,,,,,,,0.730788,,,,584.1929534
181,2.15,C1=CC(=CC(=C1)OC2=C(C=CC=N2)C(=O)NC3=C(C=C(C=C3)F)F)C(F)(F)F,,,,,,,,0.730789,,,,194.2025674
182,0.524,CC1=C(C(=CC=C1)C)N(CCOC)C(=O)CCl,,,,,,,,-1.9088,,,,-127.4518022
183,1.908,O=C(CCl)N(C(C)COC)C1=C(C)SC=C1C,,,,,,,,-3.345,,,,-157.0403587
184,1.068,CC1=CSC(=C1N([C@@H](C)COC)C(=O)CCl)C,,,,,,,,1.27482,,,,-16.22346684
185,0.0105,CNC(=O)CSP(=S)(OC)OC,,,,,,,,-0.990934,,,,-101.0596064
186,0.342,S(C)SC,,,,,,,,2.08292,,,,-83.58074242
187,2,CC1=CC(=C(C=C1)C)OCC2=CC=CC=C2C(=NOC)C(=O)NC,,,,,,,,2.08292,,,,-3.98094982
188,2.15,CCCCCCC(C)C1=CC(=CC(=C1OC(=O)/C=C\C)[N+](=O)[O-])[N+](=O)[O-],,,,,,,,0.626391,,,,243.2360937
189,2.25,N(c1ccccc1)c2ccccc2,,,,,,,,0.340929,,,,559.9614583
190,15,N(c1ccccc1)c2ccccc2,,,,,,,,1.28546,,,,1066.897453
191,0.071,[Br-].[Br-].c2cccc3c1[n+](cccc1)CC[n+]23,,,,,,,,0.784103,,,,-90.94506717
192,0.309,O=C1C2=C(SC(=C(S2)C#N)C#N)C(=O)c3ccccc13,,,,,,,,2.32524,,,,-86.71104918
193,2,ClC1=C(C=CC(=C1)NC(=O)N(C)C)Cl,,,,,,,,4.66253,,,,-57.10483364
194,0.857,CCCCCCCCCCCCNC(=N)N.CC(=O)O,,,,,,,,1.78561,,,,-52.0051971
195,2.05,CCCC/C=C/CCCCO,,,,,,,,0.975838,,,,110.0758528
196,0.037,CC(C)[C@@H]1[C@@H](C)C=C[C@]2(C[C@@H]3C[C@@H](C/C=C(\C)/[C@H]([C@@H](C)/C=C/C=C/4\CO[C@@H]5[C@@H](C(=C[C@@H](C(=O)O3)[C@]45O)C)O)O[C@H]3C[C@@H]([C@H]([C@H](C)O3)O[C@H]3C[C@@H]([C@H]([C@H](C)O3)NC)OC)OC)O2)O1,,,,,,,,1.56799,,,,-97.64029107
197,2,ClC3=C(C=CC=C3)C1OC(C4=CC=C(F)C=C4)1CN2N=CN=C2,,,,,,,,-4.63775,,,,-143.1243599
198,1.312,CC(C)C(C1=CC=C(C=C1)Cl)C(=O)OC(C#N)C2=CC(=CC=C2)OC3=CC=CC=C3,,,,,,,,4.82859,,,,-72.82850687
199,2.25,CCOC1=NC(=NC(=N1)NC)NC(=O)NS(=O)(=O)C2=CC=CC=C2C(=O)OC,,,,,,,,9.10354,,,,-75.28433994
200,0.4,C(CN)N,,,,,,,,2.80532,,,,-85.7413771
201,0.764,ClCCP(O)(=O)O,,,,,,,,-0.932529,,,,-181.927747
202,3,CCCCC1=C(NC(=NC1=O)NCC)C,,,,,,,,-0.932529,,,,-421.7058129
203,3.776,O=S(OC2=CC1=C(C=C2)OC(OCC)C(C)1C)(C)=O,,,,,,,,2.6591,,,,42.00293332
204,0.00604,O=P(SCCC)(OCC)SCCC,,,,,,,,9.68841,,,,-99.93765747
205,0.0329,O=P(SCCC)(OCC)SCCC,,,,,,,,3.18037,,,,-98.96552917
206,1.726,CCOc1ccc2NC(C)(C)C=C(C)c2c1,,,,,,,,3.18037,,,,-45.72958492
207,0.545,C1CNC(=S)N1,,,,,,,,-0.190647,,,,-385.8686473
208,5,CCOC1=CC=C(C=C1)C(C)(C)COCC2=CC(=CC=C2)OC3=CC=CC=C3,,,,,,,,-1.55453,,,,-421.6406245
209,0.63,CCOC1=CC=C(C=C1)C(C)(C)COCC2=CC(=CC=C2)OC3=CC=CC=C3,,,,,,,,-0.497742,,,,-226.5715973
210,2,FC2=C(C(F)=CC=C2)C1=NC(C3=C(OCC)C=C(C(C)(C)C)C=C3)CO1,,,,,,,,0.696438,,,,187.1755993
211,5,CCOc2cc(ccc2C(=O)NC(=O)c1c(F)cccc1F)C(C)(C)C,,,,,,,,0.844788,,,,491.8644678
212,5,CCOc2cc(ccc2C(N)COC(=O)c1c(F)cccc1F)C(C)(C)C,,,,,,,,0.844788,,,,491.8644678
213,0.56,ClC(Cl)(Cl)C1=NSC(OCC)=N1,,,,,,,,-0.108723,,,,-615.0704083
214,1.93,COC1=C(C=CC(=C1)CC=C)O,,,,,,,,-0.381204,,,,-606.2905951
215,10,COC1=C(C=CC(=C1)CC=C)O,,,,,,,,-0.101593,,,,-9943.197858
216,2.25,CC1(C(=O)N(C(=O)O1)NC2=CC=CC=C2)C3=CC=C(C=C3)OC4=CC=CC=C4,,,,,,,,1.86428,,,,20.6900251
217,2,CC1(C(=O)N(C(=N1)SC)NC2=CC=CC=C2)C3=CC=CC=C3,,,,,,,,-0.666926,,,,-399.8833454
218,2,O=C2N(Nc1ccccc1)C(=O)N[C@@]2(C)c3ccccc3,,,,,,,,0.507747,,,,293.8969605
219,1.52,CC1(C(=O)NC(=O)N1)C2=CC=CC=C2,,,,,,,,1.1135,,,,36.506511
220,0.176,CC1(C(=O)NC(=N1)SC)C2=CC=CC=C2,,,,,,,,1.40706,,,,-87.49164925
221,1.747,CC(C)(C)C3=CC=C(C=C3)CCOC1=NC=NC2=C1C=CC=C2,,,,,,,,0.0726099,,,,2306.007996
222,2.15,ClC1=CC=C(CCC(C#N)(CN3N=CN=C3)C2=CC=CC=C2)C=C1,,,,,,,,-1.20101,,,,-279.0159949
223,2.51,CC(C)(C[Sn](CC(C)(C)c1ccccc1)(CC(C)(C)c2ccccc2)O[Sn](CC(C)(C)c3ccccc3)(CC(C)(C)c4ccccc4)CC(C)(C)c5ccccc5)c6ccccc6,,,,,,,,1.39685,,,,79.69001682
224,2,CC1(CCCCC1)C(=O)NC2=C(C(=C(C=C2)O)Cl)Cl,,,,,,,,2.98529,,,,-33.0048337
225,0.0023,COP(=S)(OC)Oc1ccc(c(C)c1)[N+](=O)[O-],,,,,,,,0.946469,,,,-99.75699151
226,4,O=C(O)[C@@H](C)Oc1ccc(cc1)Oc2nc3ccc(Cl)cc3o2,,,,,,,,-0.821877,,,,-586.6908309
227,2,CCOC(=O)[C@@H](C)OC1=CC=C(C=C1)OC2=NC3=C(O2)C=C(C=C3)Cl,,,,,,,,-0.354592,,,,-664.0285173
228,7,O=C(NCCOC1=CC=C(OC2=CC=CC=C2)C=C1)OCC,,,,,,,,-0.354592,,,,-2074.09981
229,2,C[C@H]1[C@@H]([C@H](C(=O)OC[C@H](C(=O)O1)NC(=O)C2=NC=CC(=C2OCOC(=O)C(C)C)OC)CC3=CC=CC=C3)OC(=O)C(C)C,,,,,,,,5.02114,,,,-60.16840797
230,2,n1(c(c(c(=O)n1C(C)C)c1ccccc1C)N)C(=O)SCC=C,,,,,,,,5.02114,,,,-60.16840797
231,2,n1(c(c(c(=O)n1C(C)C)c1ccccc1C)N)C(=O)SCC=C,,,,,,,,-47.1962,,,,-104.2376293
232,2,CC1=NN(C(=C1/C=N/OCC2=CC=C(C=C2)C(=O)OC(C)(C)C)OC3=CC=CC=C3)C,,,,,,,,-3.07326,,,,-165.0774747
233,5.277,CC1=NN(C(=C1/C=N/OCC2=CC=C(C=C2)C(=O)OC(C)(C)C)OC3=CC=CC=C3)C,,,,,,,,-3.09483,,,,-270.5101734
234,2,[Fe+3].[Fe+3].[Fe+3].[Fe+3].[O-]P([O-])(=O)OP([O-])([O-])=O.[O-]P([O-])(=O)OP([O-])([O-])=O.[O-]P([O-])(=O)OP([O-])([O-])=O,,,,,,,,-0.0453723,,,,-4507.975791
235,2.8,C(C(=O)[O-])N.C(C(=O)[O-])N.[Fe+2],,,,,,,,3.61538,,,,-22.55309262
236,0.0113,C1=C(C=C(C(=C1Cl)N2C(=C(C(=N2)C#N)S(=O)C(F)(F)F)N)Cl)C(F)(F)F,,,,,,,,16.6742,,,,-99.93223063
237,2.121,COC1=CC(=NC(=N1)NC(=O)NS(=O)(=O)C2=C(C=CC=N2)C(F)(F)F)OC,,,,,,,,-0.506713,,,,-518.580143
238,1.591,O=C(NCC#N)c1cnccc1C(F)(F)F,,,,,,,,-1.46097,,,,-208.9002512
239,1.046,COC1=NC=C(C2=NC(=NN21)S(=O)(=O)NC3=C(C=CC=C3F)F)F,,,,,,,,-1.51878,,,,-168.8710676
240,2.25,COC1=C(C=CC(=C1F)C2=NC(=C(C(=C2F)N)Cl)C(=O)OCC3=CC=CC=C3)Cl,,,,,,,,-1.51878,,,,-248.1452218
241,2,CCCCOC(=O)[C@@H](C)OC1=CC=C(C=C1)OC2=NC=C(C=C2)C(F)(F)F,,,,,,,,-6.63261,,,,-130.1540419
242,1.782,C1=C(C=NC(=C1Cl)NC2=C(C=C(C(=C2[N+](=O)[O-])Cl)C(F)(F)F)[N+](=O)[O-])C(F)(F)F,,,,,,,,0.229897,,,,675.129732
243,2,C1=C(C=NC(=C1Cl)NC2=C(C=C(C(=C2[N+](=O)[O-])Cl)C(F)(F)F)[N+](=O)[O-])C(F)(F)F,,,,,,,,0.229897,,,,769.9548058
244,2,CC1=C(C=CC(=C1)C(C(F)(F)F)(C(F)(F)F)F)NC(=O)C2=C(C(=CC=C2)I)C(=O)NC(C)(C)CS(=O)(=O)C,,,,,,,,0.229897,,,,769.9548058
245,2,FC3(F)OC(C(O3)=CC=C2)=C2C1=CNC=C1C#N,,,,,,,,-0.510799,,,,-491.5434447
246,3,FC3(F)OC(C(O3)=CC=C2)=C2C1=CNC=C1C#N,,,,,,,,-0.510799,,,,-687.315167
247,5,FC3(F)OC(C(O3)=CC=C2)=C2C1=CNC=C1C#N,,,,,,,,0.100968,,,,4852.06402
248,2,O=C(NC(NC2=C(F)C=C(OC3=C(Cl)C=C(C(F)(F)F)C=C3)C=C2)=O)C1=C(F)C=CC=C1F,,,,,,,,1.26974,,,,57.51256163
249,0.2,O=C(NC(NC2=C(F)C=C(OC3=C(Cl)C=C(C(F)(F)F)C=C3)C=C2)=O)C1=C(F)C=CC=C1F,,,,,,,,4.7573,,,,-95.79593467
250,2,CCN(CC1=C(C=CC=C1Cl)F)C2=C(C=C(C=C2[N+](=O)[O-])C(F)(F)F)[N+](=O)[O-],,,,,,,,0.309203,,,,546.8242546
251,2.25,C#CCN1C(=O)COC2=CC(=C(C=C21)N3C(=O)C4=C(C3=O)CCCC4)F,,,,,,,,0.309203,,,,627.6772864
252,2.15,CN(C)C(=O)Nc1cccc(c1)C(F)(F)F,,,,,,,,0.309203,,,,595.3360737
253,2.25,C1=CC(=C(C(=C1)Cl)C(=O)NCC2=C(C=C(C=N2)C(F)(F)F)Cl)Cl,,,,,,,,-4.08631,,,,-155.0619018
254,2,C1=CC(=C(C(=C1)Cl)C(=O)NCC2=C(C=C(C=N2)C(F)(F)F)Cl)Cl,,,,,,,,-4.08631,,,,-148.9439127
255,2,C1=CC(=C(C(=C1)Cl)C(=O)NCC2=C(C=C(C=N2)C(F)(F)F)Cl)Cl,,,,,,,,1.13573,,,,76.09819235
256,2,C1=CC=C(C(=C1)C(=O)NCCC2=C(C=C(C=N2)C(F)(F)F)Cl)C(F)(F)F,,,,,,,,1.89922,,,,5.306388939
257,0.05,C1=CC=C(C(=C1)C(=O)NCCC2=C(C=C(C=N2)C(F)(F)F)Cl)C(F)(F)F,,,,,,,,-1.67805,,,,-102.979649
258,2,CO/N=C(\C1=CC=CC=C1OC2=C(C(=NC=N2)OC3=CC=CC=C3Cl)F)/C4=NOCCO4,,,,,,,,-0.205286,,,,-1074.250558
259,0.232,C1C(=CC(=O)O1)N(CC2=CN=C(C=C2)Cl)CC(F)F,,,,,,,,-0.205286,,,,-213.0130647
260,2.25,COC1=CC(=NC(=N1)[N-]C(=O)NS(=O)(=O)C2=C(C=CC(=N2)C(F)(F)F)C(=O)OC)OC.[Na+],,,,,,,,-0.992021,,,,-326.8097147
261,2,Clc4ccc(N1C(=O)c3cc(F)ccc3N=C1n2cncn2)c(Cl)c4,,,,,,,,-0.992021,,,,-301.6086353
262,0.787,Clc4ccc(N1C(=O)c3cc(F)ccc3N=C1n2cncn2)c(Cl)c4,,,,,,,,0.23799,,,,230.6861633
263,2,NC1=C(Cl)C(F)=NC(OCC(O)=O)=C1Cl,,,,,,,,-3.49512,,,,-157.2226419
264,2.25,NC1=C(Cl)C(F)=NC(OCC(O)=O)=C1Cl,,,,,,,,-0.00815457,,,,-27691.89019
265,2,CCCCCCC(C)OC(=O)COC1=NC(=C(C(=C1Cl)N)Cl)F,,,,,,,,-0.296667,,,,-774.1565459
266,2,OC(C(C)C)(c1cncnc1)c2ccc(OC(F)(F)F)cc2,,,,,,,,-0.767831,,,,-360.4739845
267,2.53,C3=C(C1=C(OC(C1=O)C2=CC=CC=C2)NC)C=CC=C3C(F)(F)F,,,,,,,,-4.97806,,,,-150.8230114
268,2.25,COC1=CC=CC=C1N\2CCS/C2=C(/C#N)\SC3=C(C=CC(=C3)C(F)(F)F)F,,,,,,,,-4.97806,,,,-145.1983303
269,2,CC(C)OC1=CC=CC(=C1)NC(=O)C2=CC=CC=C2C(F)(F)F,,,,,,,,1.59585,,,,25.32506188
270,0.179,OC(CN1N=CN=C1)(C(C=C2)=CC=C2F)C(C=CC=C3)=C3F,,,,,,,,4.35027,,,,-95.88531287
271,2,OC(CN1N=CN=C1)(C(C=C2)=CC=C2F)C(C=CC=C3)=C3F,,,,,,,,4.35027,,,,-54.02584207
272,2,CN1C=C(C(=N1)C(F)F)C(=O)NC2=CC=CC=C2C3=CC(=C(C(=C3)F)F)F,,,,,,,,-0.888153,,,,-325.1864262
273,2.51,C1=CC=C2C(=C1)C(=O)N(C2=O)SC(Cl)(Cl)Cl,,,,,,,,0.140378,,,,1688.029463
274,2,C1=CC=C2C(=C1)C(=O)N(C2=O)SC(Cl)(Cl)Cl,,,,,,,,0.3763,,,,431.4908318
275,2,O=C(NS(=O)(C2=C(C(N(C)C)=O)C=CC(NC=O)=C2)=O)NC1=NC(OC)=CC(OC)=N1,,,,,,,,0.236403,,,,746.0129525
276,2.25,C1=CC=C(C=C1)NC(=O)NC2=CC(=NC=C2)Cl,,,,,,,,1.27142,,,,76.96748517
277,0.089,CNC(=O)OC1=CC=CC(=C1)N=CN(C)C,,,,,,,,2.85141,,,,-96.87873719
278,0.0115,CNC(=O)OC1=CC=CC(=C1)N=CN(C)C.Cl,,,,,,,,2.85141,,,,-99.59669076
279,4.997,CCO[P+](=O)[O-].CCO[P+](=O)[O-].CCO[P+](=O)[O-].[Al+3],,,,,,,,-10.9549,,,,-145.6142913
280,0.75,o1cccc1c2nc3ccccc3[nH]2,,,,,,,,0.378184,,,,98.31616356
281,5,o1cccc1c2nc3ccccc3[nH]2,,,,,,,,0.378184,,,,1222.107757
282,0.35,CC(CC)C1C(=O)OC(C(=O)N(C)C(C(=O)OC(C(=O)N(C)C(C(C)C)C(=O)OC(C(C)C)C(=O)N1C)C(C)C)C(C)CC)C(C)C,,,,,,,,0.14779,,,,136.8225184
283,2,CC1([C@H]([C@H]1C(=O)O[C@H](C#N)C2=CC(=CC=C2)OC3=CC=CC=C3)/C=C(/C(F)(F)F)\Cl)C,,,,,,,,0.14779,,,,1253.271534
284,5,CC1([C@H]([C@H]1C(=O)O[C@H](C#N)C2=CC(=CC=C2)OC3=CC=CC=C3)/C=C(/C(F)(F)F)\Cl)C,,,,,,,,-1.43271,,,,-448.9889789
285,3.6,CC(=CCCC(=CCO)C)C,,,,,,,,-2.07735,,,,-273.297711
286,10,CC(=CCCC(=CCO)C)C,,,,,,,,-0.800252,,,,-1349.606374
287,2.25,C[C@@]12[C@H](C=C[C@@]3([C@@H]1[C@@H]([C@]45[C@H]3CC[C@](C4)(C(=C)C5)O)C(=O)O)OC2=O)O,,,,,,,,1.90933,,,,17.8423845
288,5,C[C@@]12[C@H](CC[C@@]3([C@@H]1[C@@H]([C@]45[C@H]3CC[C@H](C4)C(=C)C5)C(=O)O)OC2=O)O,,,,,,,,0.986185,,,,407.0042639
289,5,C[C@@]12[C@H](C=C[C@@]3([C@@H]1[C@@H]([C@]45[C@H]3CC[C@H](C4)C(=C)C5)C(=O)O)OC2=O)O,,,,,,,,5.28127,,,,-5.325802316
290,2,CP(=O)(CCC(C(=O)[O-])N)O.[NH4+],,,,,,,,-4.62812,,,,-143.2140913
291,4.334,O=P(O)(O)CNCC(O)=O,,,,,,,,0.0864255,,,,4914.723664
292,2.25,C([P](=O)(O)O)N,,,,,,,,0.446986,,,,403.3714702
293,0.079,C(CCCCN=C(N)N)CCCNCCCCCCCCN=C(N)N,,,,,,,,1.00875,,,,-92.1685254
294,0.414,O=C(O)[C@@H](C)Oc1ccc(cc1)Oc2ncc(cc2Cl)C(F)(F)F,,,,,,,,0.122109,,,,239.0413483
295,1.159,CC(C(=O)OC)OC1=CC=C(C=C1)OC2=C(C=C(C=N2)C(F)(F)F)Cl,,,,,,,,-1.04017,,,,-211.4240941
296,5,C[C@H]2[C@@H](SC(=O)N2C(=O)NC1CCCCC1)c3ccc(Cl)cc3,,,,,,,,-0.156368,,,,-3297.585184
297,1.085,O=C1C=C(C)ON1,,,,,,,,2.77448,,,,-60.89357285
298,0.387,O=C(O)c2ccccc2COc1cccc(n1)C(F)(F)F,,,,,,,,2.77448,,,,-86.05144027
299,0.51,Â Clc2ccc(C(OCC=C)Cn1 ccnc1)c(Cl)c2,,,,,,,,0.682753,,,,-25.30241537
300,3.4852,O=C1NC(C2=NC=C(COC)C=C2C(O)=O)=NC(C)1C(C)C,,,,,,,,1.23075,,,,183.1769246
301,2.15,CC(C)C1(C(=O)NC(=N1)C2=NC3=CC=CC=C3C=C2C(=O)O)C,,,,,,,,1.23075,,,,74.69022953
302,1.104,CC(C)C1(C(=O)NC(=N1)C2=NC3=CC=CC=C3C=C2C(=O)O)C,,,,,,,,5.29207,,,,-79.13859794
303,2.25,COC1=CC(=NC(=N1)NC(=O)NS(=O)(=O)C2=C(N=C3N2C=CC=C3)Cl)OC,,,,,,,,0.183852,,,,1123.810456
304,0.031,ClC(C=C2)=NC=C2CN1/C(NCC1)=N/[N+]([O-])=O,,,,,,,,2.77548,,,,-98.88307608
305,2.515,ClC(C=C2)=NC=C2CN1/C(NCC1)=N/[N+]([O-])=O,,,,,,,,2.22791,,,,12.88606811
306,5,C1CNC(=O)N1,,,,,,,,2.22791,,,,124.4255827
307,1.75,FC(F)(F)Oc1ccc(cc1)NC(=O)N2N=C3c4ccc(Cl)cc4C[C@]3(OC2)C(=O)OC,,,,,,,,2.89535,,,,-39.55825721
308,2,[Na+].Cc2nc(NC(=O)[N-]S(=O)(=O)c1cc(I)ccc1C(=O)OC)nc(OC)n2,,,,,,,,1.91997,,,,4.168294296
309,0.962,OC1(CN3N=CN=C3)C(CC2=CC=C(Cl)C=C2)CCC1C(C)C,,,,,,,,0.462235,,,,108.1192467
310,2,OC1(CN3N=CN=C3)C(CC2=CC=C(Cl)C=C2)CCC1C(C)C,,,,,,,,-0.343469,,,,-682.2941808
311,3.776,O=C2N(c1cc(Cl)cc(Cl)c1)C(=O)CN2C(=O)NC(C)C,,,,,,,,0.0800801,,,,4615.278827
312,2,CC1=CC=C(C=C1)C(C)NC(=O)C(C(C)C)NC(=O)OC(C)C,,,,,,,,2.63563,,,,-24.11681458
313,1.185,O.O.O.O.O.O.O.[O-]S(=O)(=O)[O-].[Fe+2],,,,,,,,2.36575,,,,-49.91017648
314,2,Cc1ccsc1C(=O)NC(C)(C)C(=O)c2ccc(cc2C)OC(C)C,,,,,,,,1.1672,,,,71.35023989
315,1.401,O=C(N(C)C)NC1=CC=C(C(C)C)C=C1,,,,,,,,1.84231,,,,-23.95416624
316,2,CC(C)C1C2CCC1C3=C2C=CC=C3NC(=O)C4=CN(N=C4C(F)F)C,,,,,,,,19.9553,,,,-89.97759994
317,2,CCC(C)(CC)C1=NOC(=C1)NC(=O)C2=C(C=CC=C2OC)OC,,,,,,,,3.12018,,,,-35.90113391
318,2.15,CS(=O)(=O)C1=C(C=CC(=C1)C(F)(F)F)C(=O)C2=C(ON=C2)C3CC3,,,,,,,,3.12018,,,,-31.09371895
319,2.15,CC1=CC=CC=C1OCC2=CC=CC=C2/C(=N\OC)/C(=O)OC,,,,,,,,1.99612,,,,7.708955373
320,1.7,C([C@@H]1[C@H]([C@@H]([C@H](C(O1)O)O)OC2[C@@H]([C@H]([C@@H]([C@H](O2)CO)O)OC3[C@@H]([C@H]([C@@H]([C@H](O3)CO)O)O)O)O)O)O,,,,,,,,2.28813,,,,-25.70352209
321,2,O=C1NC2=C(CCC2)C(=O)N1C3CCCCC3,,,,,,,,5.74748,,,,-65.20214076
322,4.08,O=C1NC2=C(CCC2)C(=O)N1C3CCCCC3,,,,,,,,15.9862,,,,-74.47798726
323,0.314,CN(C(=O)NC1=CC(=C(C=C1)Cl)Cl)OC,,,,,,,,-1.09126,,,,-128.7740777
324,0.214,CCOC(=O)CC(SP(=S)(OC)OC)C(=O)OCC,,,,,,,,-1.09126,,,,-119.6103587
325,1.493,C1=CC(=O)NNC1=O,,,,,,,,0.226355,,,,559.5833978
326,2,O=C[C@@H]([C@H]([C@@H]([C@@H](CO)O)O)O)O,,,,,,,,0.314402,,,,536.1282689
327,1,Clc1ccc(cc1)C(OCC#C)C(=O)NCCc2ccc(OCC#C)c(OC)c2,,,,,,,,-0.577612,,,,-273.1265971
328,5,Clc1ccc(cc1)C(OCC#C)C(=O)NCCc2ccc(OCC#C)c(OC)c2,,,,,,,,-1.89036,,,,-364.4998836
329,0.497,C[C@@H](OC1=C(C)C=C(Cl)C=C1)C(O)=O,,,,,,,,0.11299,,,,339.8619347
330,2.25,CC#CC1=CC(=NC(=N1)NC2=CC=CC=C2)C,,,,,,,,-2.23902,,,,-200.4903931
331,2,C[N+]1(CCCCC1)C.[Cl-],,,,,,,,-2.62074,,,,-176.3143234
332,2,O=C(OC)C1=C(S(=O)(NC(NC2=NC(OC)=CC(OC)=N2)=O)=O)C=C(CNS(=O)(C)=O)C=C1,,,,,,,,-0.808682,,,,-347.3160031
333,2,CS(=O)(=O)C1=CC(=C(C=C1)C(=O)C2C(=O)CCCC2=O)[N+](=O)[O-],,,,,,,,-0.808682,,,,-347.3160031
334,2.025,C1=CC(=CC(=C1)C(F)(F)F)C(=NNC(=O)NC2=CC=C(C=C2)OC(F)(F)F)CC3=CC=C(C=C3)C#N,,,,,,,,-0.808682,,,,-350.4074531
335,2,CC(F)(F)Oc1ccc(cc1)N3C(=O)NN=C(c2cc(ccc2)C(F)(F)F)C3(O)c4ccc(C#N)cc4,,,,,,,,0.56351,,,,254.9182801
336,1.466,CC1=C(C(=CC=C1)C)N([C@H](C)C(=O)OC)C(=O)COC,,,,,,,,0.56351,,,,160.1550993
337,0.981,CC1=C(C(=CC=C1)C)N([C@H](C)C(=O)OC)C(=O)COC,,,,,,,,0.966283,,,,1.52305277
338,1,CC1=C(C(=CC=C1)C)N([C@H](C)C(=O)OC)C(=O)COC,,,,,,,,4.16899,,,,-76.01337494
339,0.644,O=C1C(C2=CC=CC=C2)=NN=C(C)N1N,,,,,,,,-0.481107,,,,-233.8579568
340,2,O=C1C(C2=CC=CC=C2)=NN=C(C)N1N,,,,,,,,-0.481107,,,,-515.7079402
341,2,O=C(CCl)N(Cn1cccn1)c2c(C)cccc2C,,,,,,,,0.729336,,,,174.2220321
342,0.005,CNC(=O)Oc1cc(C)c(SC)c(C)c1,,,,,,,,1.38664,,,,-99.63941614
343,0.0242,CSC(C)=NOC(NC)=O,,,,,,,,-0.57865,,,,-104.1821481
344,0.0304,CSC(C)=NOC(NC)=O,,,,,,,,2.35149,,,,-98.70720267
345,2.25,CC1=CC(=CC(=C1)C(=O)N(C(C)(C)C)NC(=O)C2=C(C(=CC=C2)OC)C)C,,,,,,,,6.90991,,,,-67.43807083
346,5,Cc1c(cccc1O)C(=O)NN(C(=O)c2cc(C)cc(C)c2)C(C)(C)C,,,,,,,,6.90991,,,,-27.6401574
347,0.147,CN=C=S,,,,,,,,4.26027,,,,-96.54951447
348,1.429,CN(C(=O)NC1=CC=C(C=C1)Br)OC,,,,,,,,-0.470529,,,,-403.7007283
349,2.25,Clc3c(C)ccc(Cl)c3NS(=O)(=O)c1nc2nc(cc(OC)n2n1)OC,,,,,,,,0.541173,,,,315.7635359
350,5,Clc3c(C)ccc(Cl)c3NS(=O)(=O)c1nc2nc(cc(OC)n2n1)OC,,,,,,,,-4.10128,,,,-221.9131588
351,2.025,CC1=CC(=C(C(=C1C(=O)C2=C(C=CC(=C2C)Br)OC)OC)OC)OC,,,,,,,,1.57078,,,,28.91684386
352,0.164,CC(C)(C)C1=NN=C(N(C1=O)N)SC,,,,,,,,9.914,,,,-98.34577365
353,2.51,CC1=NC(=NC(=N1)OC)NC(=O)NS(=O)(=O)C2=CC=CC=C2C(=O)OC,,,,,,,,6.90088,,,,-63.62782718
354,0.00138,CCC1(CCC(O1)C2(CCC3(O2)CC(C(C(O3)C(C)C(C(C)C(=O)[O-])OC)C)O)C)C4C(CC(O4)C5C(CC(C(O5)(CO)O)C)C)C.[Na+],,,,,,,,-0.295493,,,,-100.4670161
355,0.51,Clc1ccc(cc1)C(CCCC)(Cn2cncn2)C#N,,,,,,,,0.0788249,,,,547.0036752
356,5,Clc3c(C)ccc(Cl)c3NS(=O)(=O)c1nc2nc(O)cc(O)n2n1,,,,,,,,-0.0411872,,,,-12239.69389
357,5,Clc1c(C)ccc(Cl)c1NS(=O)(=O)c2nc3nc(cc(O)n3n2)OC,,,,,,,,-4.98978,,,,-200.2048186
358,5,O=C(CS(=O)(=O)O)N(Cn1cccn1)c2c(C)cccc2C,,,,,,,,-3.26786,,,,-253.0053307
359,2.2,O=C(N(Cn1cccn1)c2c(C)cccc2C)C(N)=O,,,,,,,,1.3623,,,,61.4915951
360,0.302,Clc2cc(ccc2Oc1ccc(NC(N)=O)c(F)c1)C(F)(F)F,,,,,,,,1.3623,,,,-77.83160831
361,3.129,CN[C@H]1CC[C@@H](O[C@@H]1C)OC6CCC[C@H](CC)OC(=O)C[C@@H]5C(=C[C@@H]3[C@H]5CC[C@@H]2C[C@H](C[C@H]23)OC4O[C@@H](C)[C@H](OC)[C@@H](OCC)[C@H]4OC)C(=O)[C@@H]6C,,,,,,,,-1.20729,,,,-359.1755088
362,5,O=CN[C@H]1CC[C@@H](O[C@@H]1C)OC2CCC[C@H](CC)OC(=O)C[C@@H]3C(=C[C@@H]4[C@H]3CC[C@@H]5C[C@H](C[C@H]54)OC6O[C@@H](C)[C@H](OC)[C@@H](OCC)[C@H]6OC)C(=O)[C@@H]2C,,,,,,,,-1.20729,,,,-514.1507012
363,2.25,CCN(CC)C(=O)C(C)Oc2cccc1ccccc12,,,,,,,,-0.613987,,,,-466.4572703
364,2,C[C@@H](OC1=C2C=CC=CC2=CC=C1)C(N(CC)CC)=O,,,,,,,,-1.23209,,,,-262.3258041
365,2,CN(C)C(=O)C1=C(N=CC=C1)S(=O)(=O)NC(=O)NC2=NC(=CC(=N2)OC)OC,,,,,,,,-0.0493265,,,,-4154.615673
366,2,CN(C)C(=O)C1=C(N=CC=C1)S(=O)(=O)NC(=O)NC2=NC(=CC(=N2)OC)OC,,,,,,,,-0.0493265,,,,-4154.615673
367,0.0099,CNC(=O)CSP(=O)(OC)OC,,,,,,,,-0.310121,,,,-103.1923024
368,2,CN(C)C(=O)C1=CC=CC=C1NS(=O)(=O)NC(=O)NC2=NC(=CC(=N2)OC)OC,,,,,,,,2.58679,,,,-22.68409883
369,5,[O-][N+](=O)c1cc(cc([N+]([O-])=O)c1N(CCC)CCC)S(N)(=O)=O,,,,,,,,0.476138,,,,950.1157228
370,0.427,[O-][N+](=O)c1cc(cc([N+]([O-])=O)c1N(CCC)CCC)S(N)(=O)=O,,,,,,,,3.173,,,,-86.54270407
371,2.15,CC(C)OC1=C(C=C(C(=C1)N2C(=O)OC(=N2)C(C)(C)C)Cl)Cl,,,,,,,,1.19622,,,,79.73282507
372,0.0095,CNC(=O)ON=C(C(=O)N(C)C)SC,,,,,,,,1.19622,,,,-99.2058317
373,2.25,O=C(OC2COC2)C1=C(S(=O)(NC(NC3=NC(C)=CC(C)=N3)=O)=O)C=CC=C1,,,,,,,,-1.22189,,,,-284.140962
374,1.25,CC1=C(S(=O)(=O)CCO1)C(=O)NC2=CC=CC=C2,,,,,,,,-1.22189,,,,-202.3005344
375,0.034,CCS(=O)CCSP(=O)(OC)OC,,,,,,,,1.61502,,,,-97.89476291
376,0.01624,CCS(=O)CCSP(=O)(OC)OC,,,,,,,,0.381651,,,,-95.7448035
377,0.947,Clc2cc(ccc2Oc1ccc([N+]([O-])=O)c(OCC)c1)C(F)(F)F,,,,,,,,34.7243,,,,-97.2728032
378,2.25,Clc2cc(ccc2Oc1ccc([N+]([O-])=O)c(OCC)c1)C(F)(F)F,,,,,,,,1.74837,,,,28.69129532
379,2.1,OC(C(C)(C)C)C(CC(C=C1)=CC=C1Cl)N2N=CN=C2,,,,,,,,1.74837,,,,20.11187563
380,2,O=C(NC2=CC=CC=C2)N(C3CCCC3)CC1=CC=C(Cl)C=C1,,,,,,,,1.74837,,,,14.39226251
381,1.421,CCC(CC)NC1=C(C=C(C(=C1[N+](=O)[O-])C)C)[N+](=O)[O-],,,,,,,,1.00389,,,,41.54937294
382,2,COC1=CN=C(N2C1=NC(=N2)NS(=O)(=O)C3=C(C=CC=C3OCC(F)F)C(F)(F)F)OC,,,,,,,,1.00389,,,,99.22501469
383,2.025,COC1=CN=C(N2C1=NC(=N2)NS(=O)(=O)C3=C(C=CC=C3OCC(F)F)C(F)(F)F)OC,,,,,,,,-0.54581,,,,-471.0082263
384,2,COC1=CN=C(N2C1=NC(=N2)NS(=O)(=O)C3=C(C=CC=C3OCC(F)F)C(F)(F)F)OC,,,,,,,,0.147054,,,,1260.044609
385,2.25,O=C(Nc1ccsc1C(C)CC(C)C)c2cn(C)nc2C(F)(F)F,,,,,,,,1.64433,,,,36.83384722
386,2.066,O=C(Nc1ccsc1C(C)CC(C)C)c2cn(C)nc2C(F)(F)F,,,,,,,,-0.497039,,,,-515.6615477
387,0.8724,CCOCCN(C(=O)CCl)C(=C(C)C)C1=CC=CC=C1,,,,,,,,-0.502735,,,,-273.5307866
388,2,O=S(=O)(O)CC(=O)N(CCOCC)\C(=C(\C)C)c1ccccc1,,,,,,,,96.6454,,,,-97.93057921
389,2.5,O=C(NC2=CC(C)=CC=C2)OC1=CC(NC(OC)=O)=CC=C1,,,,,,,,96.6454,,,,-97.41322401
390,0.503,CCOP(=S)(OCC)SCN1C(=O)Oc2cc(Cl)ccc12,,,,,,,,50.8664,,,,-99.01113505
391,0.057,COP(=S)(OC)SCN1C(=O)c2ccccc2C1=O,,,,,,,,-2.78613,,,,-102.0458485
392,4.012,C1(=C(C(=NC(=C1Cl)Cl)C(=O)O)Cl)N,,,,,,,,0.347748,,,,1053.709008
393,2.25,C1(=C(C(=NC(=C1Cl)Cl)C(=O)O)Cl)N,,,,,,,,1.54675,,,,45.46630031
394,2.25,C1(=C(C(=NC(=C1Cl)Cl)C(=O)[O-])Cl)N.[K+],,,,,,,,0.159692,,,,1308.962252
395,2.25,C1=CC(=CC(=C1)OC2=CC=CC(=N2)C(=O)NC3=CC=C(C=C3)F)C(F)(F)F,,,,,,,,0.758364,,,,196.6912986
396,2.25,O=C(/C(C1=C(COC2=NC(C(F)(F)F)=CC=C2)C=CC=C1)=C/OC)OC,,,,,,,,-0.122379,,,,-1938.550732
397,2.25,CCC1=CC(=CC(=C1C2=C(N3CCOCCN3C2=O)OC(=O)C(C)(C)C)CC)C,,,,,,,,0.046857,,,,4701.843908
398,0.0209,CC1=C(N=C(N=C1OC(=O)N(C)C)N(C)C)C,,,,,,,,0.358443,,,,-94.16922635
399,2.064,C(=O)(O)[O-].[K+],,,,,,,,-5.10868,,,,-140.4018259
400,0.675,OP(O)O.[K+],,,,,,,,-0.684175,,,,-198.6589688
401,1.177,[K+].[I-],,,,,,,,0.089822,,,,1210.369397
402,4,OP(O)O.[K+].[K+],,,,,,,,0.0246255,,,,16143.32501
403,0.649,C(#N)[S-].[K+],,,,,,,,0.0246255,,,,2535.479483
404,0.662,CCCN(CCOC1=C(C=C(C=C1Cl)Cl)Cl)C(=O)N2C=CN=C2,,,,,,,,1.59499,,,,-58.49503759
405,1.842,CCCOC(=O)NCCC[NH+](C)C.[Cl-],,,,,,,,3.34148,,,,-44.87472617
406,0.196,CCC(=O)Nc1ccc(Cl)c(Cl)c1,,,,,,,,3.34148,,,,-94.13433568
407,1.5,CCC(=O)Nc1ccc(Cl)c(Cl)c1,,,,,,,,-5.48298,,,,-127.3573859
408,2,C/C(C)=N\OCCOC(=O)[C@@H](C)Oc1ccc(cc1)Oc2cnc3cc(Cl)ccc3n2,,,,,,,,1.42294,,,,40.55406412
409,4.64,CC(C)(C)c1ccc(cc1)OC2CCCCC2OS(=O)OCC#C,,,,,,,,1.42294,,,,226.0854288
410,1.65,CC(C)(C)c1ccc(cc1)OC2CCCCC2OS(=O)OCC#C,,,,,,,,-0.767121,,,,-315.0899271
411,5,CC(CNC(=S)[S-])NC(=S)[S-].[Zn+2],,,,,,,,-0.323087,,,,-1647.570778
412,1.916,CCC1=CC=CC(=C1N(COC(C)C)C(=O)CCl)C,,,,,,,,-0.512035,,,,-474.1931704
413,1.562,CCC1=CC=CC(=C1N(COC(C)C)C(=O)CCl)C,,,,,,,,0.822603,,,,89.88503567
414,5,O=C(NS(=O)(=O)c1ccccc1C(=O)OC)N2N=C(OCC(C)O)N(C)C2=O,,,,,,,,0.699815,,,,614.4745397
415,2,CCCOC1=NN(C(=O)N1C)C(=O)NS(=O)(=O)C2=CC=CC=C2C(=O)OC,,,,,,,,-0.527075,,,,-479.4526396
416,6.578,CC(C)(C#C)NC(=O)C1=CC(=CC(=C1)Cl)Cl,,,,,,,,-0.60689,,,,-1183.886701
417,2.25,CCCN1C(=O)C2=C(C=CC(=C2)I)N=C1OCCC,,,,,,,,-0.726426,,,,-409.7356097
418,2.25,CCCN(CCC)C(=O)SCc1ccccc1,,,,,,,,-0.700812,,,,-421.0561463
419,1.3,CC1=NC(=NC(=N1)OC)NC(=O)NS(=O)(=O)C2=CC=CC=C2CCC(F)(F)F,,,,,,,,0.0727977,,,,1685.770704
420,2,C1CC1(C(CC2=CC=CC=C2Cl)(CN3C(=S)N=CN3)O)Cl,,,,,,,,2.42868,,,,-17.65074032
421,3.776,CC(CC1=C(C=C(C=C1Cl)Cl)Cl)N(C(=O)C2=CN(N=C2C(F)F)C)OC,,,,,,,,4.648,,,,-18.76075731
422,2,CC1=NNC(=O)N(C1)N=CC2=CN=CC=C2,,,,,,,,0.824044,,,,142.7054866
423,2,CCOC(=O)COC1=C(C=C(C(=C1)C2=NN(C(=C2Cl)OC(F)F)C)F)Cl,,,,,,,,-0.0891765,,,,-2342.743324
424,1.15148,CC=CCC1=C(C(CC1=O)OC(=O)C2C(C2(C)C)C=C(C)C)C,,,,,,,,1.16115,,,,-0.832795074
425,2.25,O=C1N(C(C)(C)C)N=CC(SCC2=CC=C(C(C)(C)C)C=C2)=C1Cl,,,,,,,,0.703859,,,,219.6662968
426,1.42,C1=CC=C(C=C1)C2=NN=C(C=C2O)Cl,,,,,,,,4.3605,,,,-67.43492719
427,2.25,C1=CC(=NC(=C1)OCCCOC2=C(C=C(C=C2Cl)OCC=C(Cl)Cl)Cl)C(F)(F)F,,,,,,,,4.3605,,,,-48.4004128
428,1.269,CCCCCCCCSC(=O)OC1=CC(=NN=C1C2=CC=CC=C2)Cl,,,,,,,,4.3605,,,,-70.89783282
429,2,CC1=NC(NC2=CC=CC=C2)=NC(C)=C1,,,,,,,,-1.07077,,,,-286.781475
430,2,CC1=CC(=C(C(=C1C(=O)C2=C(C(=CN=C2OC)Cl)C)OC)OC)OC,,,,,,,,2.61355,,,,-23.47573224
431,2,CC1=CC(=C(C(=C1C(=O)C2=C(C(=CN=C2OC)Cl)C)OC)OC)OC,,,,,,,,2.61355,,,,-23.47573224
432,2,CC1=CC(=C(C(=C1C(=O)C2=C(C(=CN=C2OC)Cl)C)OC)OC)OC,,,,,,,,2.41907,,,,-17.32359957
433,1.906,CC(COC1=CC=C(C=C1)OC2=CC=CC=C2)OC3=CC=CC=N3,,,,,,,,0.0665398,,,,2764.45105
434,2,COC1=CC(=NC2=NC(=NN12)NS(=O)(=O)C3=C(C=CN=C3OC)C(F)(F)F)OC,,,,,,,,0.226356,,,,783.5639435
435,0.39,COC1=CC(=NC2=NC(=NN12)NS(=O)(=O)C3=C(C=CN=C3OC)C(F)(F)F)OC,,,,,,,,0.226356,,,,72.29496899
436,2,O=C(O)C1=C(Cl)C=CC2=C1N=CC(C)=C2,,,,,,,,2.91044,,,,-31.28186803
437,2,NC1=C(Cl)C(=O)c2ccccc2C1=O,,,,,,,,-0.42373,,,,-571.9986784
438,2,CC1=C(C=CC(=C1)Cl)OC(C)C(=O)O,,,,,,,,-1.8908,,,,-205.7753332
439,2.551,CC1=C(C=CC(=C1)Cl)OC(C)C(=O)O,,,,,,,,3.61155,,,,-29.36550788
440,2,CCOC(=O)C(C)OC1=CC=C(C=C1)OC2=CN=C3C=C(C=CC3=N2)Cl,,,,,,,,0.883812,,,,126.2924694
441,2,CC1=CC(=C2C(=C1)C(=O)C3=CC(=CC(=C3C2=O)O)O)O,,,,,,,,0.883812,,,,126.2924694
442,2.25,O=S(C1=NC=CC=C1S(CC)(=O)=O)(NC(NC2=NC(OC)=CC(OC)=N2)=O)=O,,,,,,,,-0.080518,,,,-2894.40622
443,2.25,CC1=C(SC(=C1C(=O)NCC=C)[Si](C)(C)C)C,,,,,,,,-0.080518,,,,-2894.40622
444,1.439,O=C(O)C2=NN(c1ccc(Cl)cc1)c3cccc(OCCOC)c3C2=O,,,,,,,,2.00756,,,,-28.32094682
445,2,O=C(O)C2=NN(c1ccc(Cl)cc1)c3cccc(OCCOC)c3C2=O,,,,,,,,2.00756,,,,-0.376576541
446,0.933,C1=CC=C2C(=C1)C=CC=C2CC(=O)[O-].[Na+],,,,,,,,0.924976,,,,0.867481967
447,10,C1=CC=C2C(=C1)C=CC=C2CC(=O)[O-].[Na+],,,,,,,,0.516718,,,,1835.29159
448,2.067,COC1=C(C=C(C=C1)[N+](=O)[O-])[O-].[Na+],,,,,,,,1.22121,,,,69.25835851
449,5,COC1=C(C=C(C=C1)[N+](=O)[O-])[O-].[Na+],,,,,,,,1.85869,,,,169.006666
450,0.008075,C(=O)(O)[O-].[Na+],,,,,,,,-3.23857,,,,-100.2493384
451,1.046,C1=CC=C(C(=C1)[N+](=O)[O-])[O-].[Na+],,,,,,,,2.10545,,,,-50.31940915
452,1.67,C1=CC(=CC=C1[N+](=O)[O-])[O-].[Na+],,,,,,,,0.00539315,,,,30865.20586
453,2,CC1=CCC(CC1=O)C(=C)C,,,,,,,,1.40263,,,,42.58927871
454,2.25,CC[C@@H]1CCC[C@H]([C@@H](C(=O)C2=C[C@H]3[C@@H]([C@H]2CC(=O)O1)CC[C@@H]4[C@@H]3C[C@H](C4)O[C@@H]5[C@H]([C@H]([C@@H]([C@H](O5)C)OC)OCC)OC)C)O[C@@H]6CC[C@H]([C@@H](O6)C)N(C)C,,,,,,,,0.578352,,,,289.0364346
455,2,O=C2OC1(C(OC(C(CC)(C)C)=O)=C2C3=CC(Cl)=CC(Cl)=C3)CCCCC1,,,,,,,,0.0925569,,,,2060.832958
456,2.5,O=C(CC(C)(C)C)OC1=C(C3=C(C)C=C(C)C=C3C)C(OC21CCCC2)=O,,,,,,,,-0.599261,,,,-517.180494
457,2,Cc1cc(c(C)cc1)C3(O)C(=O)N[C@]2(CC[C@H](CC2)O)C3=O,,,,,,,,3.04292,,,,-34.2736582
458,2,Cc1cc(c(C)cc1)C3(O)C(=O)N[C@@]2(CC[C@@H](CC2)O)C3O,,,,,,,,1.37406,,,,45.5540515
459,2,Cc1cc(c(C)cc1)C3(O)C(=O)N[C@]2(CC[C@H](CC2)OC)C3=O,,,,,,,,2.0213,,,,-1.053777272
460,2,Cc3cc(C2C(=O)N[C@@]1(CC[C@@H](CC1)OC)C2O)c(C)cc3,,,,,,,,1.22627,,,,63.09621861
461,2.25,CCCC/C=C\CCCCCCCCC/C=C/COC(=O)C,,,,,,,,1.22627,,,,83.48324594
462,2.05,C/C=C/C=C/CCCCCCCO,,,,,,,,-1.67424,,,,-222.4436162
463,2.25,CCCC/C=C\CCCCCCCCCC=O,,,,,,,,-0.664853,,,,-438.4206734
464,1.35,O=C2CCCC(=O)C2C(=O)c1ccc(cc1Cl)S(C)(=O)=O,,,,,,,,-0.298833,,,,-551.757336
465,2,O=C2CCCC(=O)C2C(=O)c1ccc(cc1Cl)S(C)(=O)=O,,,,,,,,-1.60536,,,,-224.5826481
466,2.25,CCS(=O)(=O)C1=C(N2C=CC=CC2=N1)S(=O)(=O)NC(=O)NC3=NC(=CC(=N3)OC)OC,,,,,,,,1.56406,,,,43.8563738
467,0.566,FC(F)(F)c1ccc(cn1)C(C)S(C)(=O)=O,,,,,,,,-4.41084,,,,-112.8320229
468,2,CC(C1=CN=C(C=C1)C(F)(F)F)S(=N)(=O)C,,,,,,,,-4.41084,,,,-145.3428372
469,2.25,CC(C1=CN=C(C=C1)C(F)(F)F)S(=NC(=O)N)(=O)C,,,,,,,,-1.28421,,,,-275.2049898
470,1.038,CC(C1=CN=C(C=C1)C(F)(F)F)O,,,,,,,,-1.28421,,,,-180.827902
471,1.682,CC1(C2CCC(O1)(CC2)C)C,,,,,,,,1.79829,,,,-6.46669892
472,2,CC1(C2CCC(O1)(CC2)C)C,,,,,,,,4.75156,,,,-57.90856056
473,1.988,OC(C(C)(C)C)(CN2N=CN=C2)CCC1=CC=C(Cl)C=C1,,,,,,,,4.75156,,,,-58.16110919
474,2,OC(C(C)(C)C)(CN2N=CN=C2)CCC1=CC=C(Cl)C=C1,,,,,,,,0.456182,,,,338.4215072
475,2.15,O=C(N(C(C)(C)C)NC(C2=CC=C(CC)C=C2)=O)C1=CC(C)=CC(C)=C1,,,,,,,,0.456182,,,,371.3031202
476,2,O=C(NCC2=CC=C(C(C)(C)C)C=C2)C1=C(Cl)C(CC)=NN1C,,,,,,,,0.588979,,,,239.5706808
477,1.458,O=C(NCC2=CC=C(C(C)(C)C)C=C2)C1=C(Cl)C(CC)=NN1C,,,,,,,,0.588979,,,,147.5470263
478,2.25,O=C(NC(NC2=C(F)C(Cl)=C(F)C(Cl)=C2)=O)C1=C(F)C=CC=C1F,,,,,,,,0.610913,,,,268.3012147
479,2,O=C(NC(NC2=C(F)C(Cl)=C(F)C(Cl)=C2)=O)C1=C(F)C=CC=C1F,,,,,,,,1.48838,,,,34.37428614
480,0.267,O=C(OCC2=C(F)C(F)=C(C)C(F)=C2F)C1C(C)(C)C1/C=C(Cl)/C(F)(F)F,,,,,,,,1.48838,,,,-82.0610328
481,0.344,O=C(OCC2=C(F)C(F)=C(C)C(F)=C2F)C1C(C)(C)C1/C=C(Cl)/C(F)(F)F,,,,,,,,1.48838,,,,-76.88762278
482,2.25,CS(=O)(=O)C1=C(C(=C(C=C1)C(=O)C2C(=O)CCCC2=O)Cl)COCC(F)(F)F,,,,,,,,3.49433,,,,-35.60997387
483,1.236,CCNc1nc(Cl)nc(NC(C)(C)C)n1,,,,,,,,5.04773,,,,-75.51374578
484,3,CCNc1nc(Cl)nc(NC(C)(C)C)n1,,,,,,,,5.04773,,,,-40.56734413
485,2,CCNc1nc(Cl)nc(NC(C)(C)C)n1,,,,,,,,0.0196027,,,,10102.67616
486,1.53,CC(=C)c1ccc(C)cc1,,,,,,,,0.326164,,,,369.0891699
487,0.132,C1=CC(=C(C=C1Cl)Cl)C(CN2C=NC=N2)COC(C(F)F)(F)F,,,,,,,,4.04603,,,,-96.73754273
488,0.063,C1=CC(=C(C=C1Cl)Cl)C(CN2C=NC=N2)COC(C(F)F)(F)F,,,,,,,,0.340419,,,,-81.4933949
489,2.25,C1=CC=C2C(=C1)NC(=N2)C3=CSC=N3,,,,,,,,16.7326,,,,-86.55319556
490,2,S(C1C(C(=O)OC([H])([H])[H])=C([H])SC=1C([H])([H])[H])(N([H])C(N1C(N(C([H])([H])[H])C(=N1)OC([H])([H])[H])=O)=O)(=O)=O,,,,,,,,0.252296,,,,692.7196626
491,2.51,CC1=NC(=NC(=N1)OC)NC(=O)NS(=O)(=O)C2=C(SC=C2)C(=O)OC,,,,,,,,0.854212,,,,193.8380636
492,2.023,CC(=NOC(=O)N(C)SN(C)C(=O)ON=C(C)SC)SC,,,,,,,,0.854212,,,,136.8264553
493,4.64,COC(=O)NC(=S)NC1=CC=CC=C1NC(=S)NC(=O)OC,,,,,,,,-0.285636,,,,-1724.445098
494,0.93,CN(C)C(=S)SSC(=S)N(C)C,,,,,,,,1.85141,,,,-49.76801465
495,0.98,CC1=CC(=C(C=C1)C(C)C)O,,,,,,,,0.574114,,,,70.69780566
496,10,CC1=CC(=C(C=C1)C(C)C)O,,,,,,,,1.58744,,,,529.9450688
497,5,S=P(OC)(OC)OC1=C(Cl)C=C(C)C=C1Cl,,,,,,,,2.2199,,,,125.235371
498,2,CC1=CC=C(C=C1)N(SC(F)(Cl)Cl)S(=O)(=O)N(C)C,,,,,,,,5.05271,,,,-60.41728102
499,2,CC1=C(C=CC(=C1C2=NOCC2)S(=O)(=O)C)C(=O)C3=CNN(C3=O)C,,,,,,,,4.44255,,,,-54.98081057
500,2.024,CCC(=C1C(=O)CC(CC1=O)C2=C(C=C(C=C2C)C)C)NOCC,,,,,,,,0.218,,,,828.440367
501,1.56,CC(C)N(C(C)C)C(=O)SCC(=C(Cl)Cl)Cl,,,,,,,,-1.05738,,,,-247.534472
502,2,CC(C)(C)C(=O)C(N1C=NC=N1)OC2=CC=C(C=C2)Cl,,,,,,,,0.149564,,,,1237.220187
503,2,OC(C(C)(C)C)C(N2N=CN=C2)OC1=CC=C(Cl)C=C1,,,,,,,,-0.283185,,,,-806.2520967
504,2.15,CC1=NC(=NC(=N1)OC)NC(=O)NS(=O)(=O)C2=CC=CC=C2OCCCl,,,,,,,,-1.37682,,,,-256.1569414
505,1,CC1=NC(=NC(=N1)OC)N,,,,,,,,-0.781444,,,,-227.9682229
506,0.09,Clc1ccc2nc(n[n+]([O-])c2c1)n3ccnc3,,,,,,,,-0.460054,,,,-119.5629209
507,0.616,[OH-].[OH-].[O-]S(=O)(=O)[O-].[O-]S(=O)(=O)[O-].[Cu+2].[Cu+2].[Cu+2],,,,,,,,-0.115057,,,,-635.3868083
508,2.25,CC1=NC(=NC(=N1)OC)N(C)C(=O)NS(=O)(=O)C2=CC=CC=C2C(=O)OC,,,,,,,,-0.529119,,,,-525.235155
509,0.212,COP(=O)(C(C(Cl)(Cl)Cl)O)OC,,,,,,,,1.06065,,,,-80.01225664
510,0.062,[O-][N+](=O)C(Cl)(Cl)Cl,,,,,,,,-0.58648,,,,-110.5715455
511,1.698,Clc1cc(Cl)c(Cl)nc1OCC(=O)O,,,,,,,,0.521419,,,,225.6498133
512,0.735,Clc1cc(Cl)c(Cl)nc1OCC(=O)OCCOCCCC,,,,,,,,0.521419,,,,40.96149162
513,2.176,CC1=C2C(=CC=C1)SC3=NN=CN23,,,,,,,,2.14465,,,,1.46177698
514,2,CC(C1=CC(C(F)(F)F)=CC=C1)=NOCC2=C(C(C(OC)=O)=NOC)C=CC=C2,,,,,,,,-0.873728,,,,-328.9041899
515,2,FC(F)(F)c1cccc(c1)\C(=N\OCc2ccccc2C(=N\OC)/C(=O)O)C(=O)O,,,,,,,,-0.873728,,,,-328.9041899
516,2,FC(F)(F)c1cccc(c1)/C(=N\OCc2ccccc2C(=N\OC)/C(=O)O)C(=O)O,,,,,,,,-1.56746,,,,-227.5949626
517,2.51,CCCOCC(=NC1=C(C=C(C=C1)Cl)C(F)(F)F)N2C=CN=C2,,,,,,,,7.79282,,,,-67.7908639
518,0.561,O=C(C1=CC=CC=C1Cl)NC(NC(C=C2)=CC=C2OC(F)(F)F)=O,,,,,,,,-1.38721,,,,-140.4408849
519,2.123,O=C(C1=CC=CC=C1Cl)NC(NC(C=C2)=CC=C2OC(F)(F)F)=O,,,,,,,,-1.38721,,,,-253.040996
520,2,C(=O)(C(F)(F)F)O,,,,,,,,2.04538,,,,-2.218658636
521,2.25,CCCN(CCC)c1c(cc(cc1[N+](=O)[O-])C(F)(F)F)[N+](=O)[O-],,,,,,,,-0.250799,,,,-997.1327637
522,2.25,CC1=CC=CC(=C1S(=O)(=O)NC(=O)NC2=NC(=NC(=N2)OCC(F)(F)F)N(C)C)C(=O)OC,,,,,,,,7.10011,,,,-68.31035012
523,2.25,CC1=CC=CC(=C1S(=O)(=O)NC(=O)NC2=NC(=NC(=N2)OCC(F)(F)F)N(C)C)C(=O)OC,,,,,,,,4.61573,,,,-51.25364785
524,2,CCOC(=O)C1CC(=O)C(=C(C2CC2)O)C(=O)C1,,,,,,,,4.61573,,,,-56.6699092
525,2,CC1(CCC(=CC2=CC=C(C=C2)Cl)C1(CN3C=NC=N3)O)C,,,,,,,,3.66896,,,,-45.48863983
526,14.3,C(=O)(N)N,,,,,,,,3.01493,,,,374.3062028
527,2.25,CC(C)[C@@H](C(=O)NC(CC(=O)OC)C1=CC=C(C=C1)Cl)NC(=O)OC(C)C,,,,,,,,1.51064,,,,48.94349415
528,2,CC(C)[C@@H](C(=O)NC(CC(=O)OC)C1=CC=C(C=C1)Cl)NC(=O)OC(C)C,,,,,,,,-0.417822,,,,-578.6727362
529,2,Clc1ccc(cc1)C(NC(=O)[C@@H](NC(=O)OC(C)C)C(C)C)CC(=O)O,,,,,,,,1.85869,,,,7.602666394
530,2,CCC(C)(C(=O)CCl)NC(=O)C1=CC(=C(C(=C1)Cl)C)Cl,,,,,,,,,,,,
531,0.035,CC1([C@@H]([C@@H]1C(=O)O[C@@H](C#N)C2=CC(=CC=C2)OC3=CC=CC=C3)C=C(Cl)Cl)C,,,,,,,,,,,,
532,0.0586,CC1(C(C1C(=O)OC(C#N)c2ccc(c(c2)Oc3ccccc3)F)C=C(Cl)Cl)C,,,,,,,,,,,,
533,2,O=C1C[C@H](C\C=C1\C)C(C)=C,,,,,,,,,,,,
